frequency,amplitude,duration,label,class,timestamp
4.370861069626263,0.18513292883861965,0.5972407990982214,0,Bird,2025-02-15 11:44:52.138389
9.556428757689245,0.5419009473783581,0.5692597182367997,0,Bird,2025-02-15 11:43:52.138389
7.587945476302646,0.8729458358764083,1.8218837029899697,0,Bird,2025-02-15 11:42:52.138389
6.538056384420294,0.7354570653044165,0.32813691499802017,1,Drone,2025-02-15 11:41:52.138389
2.4041677639819286,0.8065611478614497,0.6167044796443989,0,Bird,2025-02-15 11:40:52.138389
5.517103351019115,0.8015963609918388,1.4519748997135338,1,Drone,2025-02-15 11:39:52.138389
6.3896656053379015,1.05958071487312,0.7024392796968068,1,Drone,2025-02-15 11:38:52.138389
8.795585311974417,0.8491956515653193,1.5757500582148443,0,Bird,2025-02-15 11:37:52.138389
6.41003510568888,0.24966800885918594,0.22419569937233197,0,Bird,2025-02-15 11:36:52.138389
7.684623543155795,0.9601620823961732,0.7943925592592397,1,Drone,2025-02-15 11:35:52.138389
2.8616556990537005,0.308414075375352,0.09722371130715043,1,Drone,2025-02-15 11:34:52.138389
9.72918866945795,0.987668007996647,0.2190410865651736,0,Bird,2025-02-15 11:33:52.138389
8.491983767203795,0.9440593396866133,1.822231161354381,0,Bird,2025-02-15 11:32:52.138389
2.9110519961044856,0.0394268113685059,0.36456620512343085,0,Bird,2025-02-15 11:31:52.138389
6.899161811093759,0.9808410128138012,1.0584923825286843,1,Drone,2025-02-15 11:30:52.138389
7.340466745850375,1.128931079522082,0.4931430177064958,1,Drone,2025-02-15 11:29:52.138389
4.163697617234766,0.44126385586420414,0.3559736558372915,1,Drone,2025-02-15 11:28:52.138389
7.650795847256807,1.0162325597871344,1.425801047948649,1,Drone,2025-02-15 11:27:52.138389
5.242679612999052,1.0136354487435755,0.08448151031380946,1,Drone,2025-02-15 11:26:52.138389
3.6210622617823773,0.03394597858579884,1.3612004037336194,0,Bird,2025-02-15 11:25:52.138389
6.506676052501415,0.6974202672468399,1.9304494250057458,0,Bird,2025-02-15 11:24:52.138389
4.60098080110627,0.585907548566504,0.8756428479676659,1,Drone,2025-02-15 11:23:52.138389
4.972112674085176,1.3697254231074516,1.55675899024883,1,Drone,2025-02-15 11:22:52.138389
4.297256589643226,0.9710582451653678,0.19928997064344517,0,Bird,2025-02-15 11:21:52.138389
5.104629857953324,0.9442664891134339,0.8957073062409066,0,Bird,2025-02-15 11:20:52.138389
8.066583652537123,0.47421421665746377,0.5942998028278972,0,Bird,2025-02-15 11:19:52.138389
2.7970640394252375,0.8620426509893134,1.4885598334633867,0,Bird,2025-02-15 11:18:52.138389
9.424572480314872,1.3010701319799984,1.923740865499189,1,Drone,2025-02-15 11:17:52.138389
6.331731119758382,0.31910047324325563,0.5874071186440708,0,Bird,2025-02-15 11:16:52.138389
3.6167561470195224,0.9193080494318671,1.1966041939670375,1,Drone,2025-02-15 11:15:52.138389
6.467903667112945,0.03700763471549262,0.4763855022435062,0,Bird,2025-02-15 11:14:52.138389
2.5347171131856236,0.596269878482053,1.174127483686059,0,Bird,2025-02-15 11:13:52.138389
1.5854643368675156,0.23000883728770305,0.9814717247078387,0,Bird,2025-02-15 11:12:52.138389
11.03688670380674,0.273774610452797,1.5493043578356853,1,Drone,2025-02-15 11:11:52.138389
10.85321825871019,0.3545200950058034,1.1745245932517083,1,Drone,2025-02-15 11:10:52.138389
8.275576133048151,0.6962887758781398,0.7640621069649557,0,Bird,2025-02-15 11:09:52.138389
5.0238392276441655,0.5531248373889968,0.24402424989339383,1,Drone,2025-02-15 11:08:52.138389
3.6556477684268933,1.0324771614391792,-0.05119480635287521,1,Drone,2025-02-15 11:07:52.138389
7.158097238609412,0.06535634079894237,0.5281021669073467,0,Bird,2025-02-15 11:06:52.138389
4.961372443656412,0.31529033783061033,0.5768366565465661,0,Bird,2025-02-15 11:05:52.138389
3.1508788119297244,0.6254060225541664,1.6628146003469848,1,Drone,2025-02-15 11:04:52.138389
9.501710392459813,1.0497619138591359,0.8415452943583166,1,Drone,2025-02-15 11:03:52.138389
2.0441063079558193,0.4257498422812267,0.6604429356637511,1,Drone,2025-02-15 11:02:52.138389
9.18388361870904,0.6258913764370091,0.31806085655151317,0,Bird,2025-02-15 11:01:52.138389
3.3290198344001523,0.8859777482361871,1.7342654173639265,0,Bird,2025-02-15 11:00:52.138389
7.737327114903051,1.0217962501874944,1.4357078177702824,1,Drone,2025-02-15 10:59:52.138389
3.8053996848046987,0.23295947475363377,0.22856988761000302,0,Bird,2025-02-15 10:58:52.138389
5.680612190600297,0.02440078155653802,1.4448866847365605,0,Bird,2025-02-15 10:57:52.138389
7.432490070482199,1.2045371394212725,1.0039830047047928,1,Drone,2025-02-15 10:56:52.138389
5.480731922149014,0.4205973010287054,0.1874474233386898,1,Drone,2025-02-15 10:55:52.138389
9.726261649881026,0.8747016726841994,0.9707712189044472,0,Bird,2025-02-15 10:54:52.138389
7.976195410250031,0.528937134027212,1.0209229455470892,0,Bird,2025-02-15 10:53:52.138389
12.358985896849127,1.0159595512695043,-0.05651976572534395,1,Drone,2025-02-15 10:52:52.138389
9.053446153848839,0.7987832357736654,1.8968264793005365,0,Bird,2025-02-15 10:51:52.138389
6.381099809299767,0.9979341105333375,1.7149532058132577,0,Bird,2025-02-15 10:50:52.138389
12.416860542852962,0.6330071349184418,1.0159666905691398,1,Drone,2025-02-15 10:49:52.138389
3.164634607771134,1.0987018907927006,0.9221100006378378,1,Drone,2025-02-15 10:48:52.138389
2.763845761772307,0.40193091360924216,0.8823545290105661,0,Bird,2025-02-15 10:47:52.138389
1.4070456001948426,0.47987562030390885,1.336849587586813,0,Bird,2025-02-15 10:46:52.138389
3.927972976869379,0.6275054632183701,1.1363205518731205,0,Bird,2025-02-15 10:45:52.138389
6.030412947419439,1.2337558446518089,0.04783791435408841,1,Drone,2025-02-15 10:44:52.138389
3.442141285965063,0.9840834691992951,1.0737550326636303,0,Bird,2025-02-15 10:43:52.138389
8.458637582367365,0.7682734138645182,1.632166872742395,0,Bird,2025-02-15 10:42:52.138389
6.303816314833954,0.44237723943771456,0.8329905320470854,1,Drone,2025-02-15 10:41:52.138389
5.820567707843617,0.5368974287143182,-0.2666186304280892,1,Drone,2025-02-15 10:40:52.138389
5.884264748424236,0.7375823015888915,1.5939285788296629,0,Bird,2025-02-15 10:39:52.138389
5.139755900223919,0.3668729029879798,0.13424669212175283,1,Drone,2025-02-15 10:38:52.138389
11.555834512757263,0.2207996429422689,0.22871639091933454,1,Drone,2025-02-15 10:37:52.138389
1.6709557931179373,0.35462215764077654,0.4129420715213622,0,Bird,2025-02-15 10:36:52.138389
14.192997297695598,0.71679487047754,0.24018896793660766,1,Drone,2025-02-15 10:35:52.138389
9.51958040728227,0.5463372500515334,1.0500269012300805,1,Drone,2025-02-15 10:34:52.138389
2.7884411338075514,0.23360775104990994,1.086833133057481,0,Bird,2025-02-15 10:33:52.138389
5.250239446308421,0.16162638167387672,0.07835475950990262,1,Drone,2025-02-15 10:32:52.138389
8.339152856093508,0.01787393473341381,1.7678771484888776,0,Bird,2025-02-15 10:31:52.138389
7.361716094628554,0.9877223897360315,1.7712055244079055,0,Bird,2025-02-15 10:30:52.138389
9.418400825490771,0.5840721461900125,1.6899240442800658,1,Drone,2025-02-15 10:29:52.138389
8.917265706266765,0.5896679636648231,0.22861921840209798,1,Drone,2025-02-15 10:28:52.138389
4.113364552639757,0.7844924214081703,0.46611346364325346,1,Drone,2025-02-15 10:27:52.138389
4.226191556898454,0.21825388786506417,1.9714803466676627,0,Bird,2025-02-15 10:26:52.138389
4.505666889492655,1.272762472479431,1.3472583745865565,1,Drone,2025-02-15 10:25:52.138389
8.767930832880342,0.786345014415552,0.15161810032856365,0,Bird,2025-02-15 10:24:52.138389
10.800835246857025,0.2411037741268261,0.042741978394832486,1,Drone,2025-02-15 10:23:52.138389
5.7851011190097745,0.8085262322833733,0.5682744601431546,1,Drone,2025-02-15 10:22:52.138389
5.870998526632441,1.2620476295045358,1.4767688404043813,1,Drone,2025-02-15 10:21:52.138389
3.79884089544096,0.9447320222914103,1.1235334161101571,0,Bird,2025-02-15 10:20:52.138389
5.5678154266324205,0.9502209988832699,1.0182929976857358,1,Drone,2025-02-15 10:19:52.138389
9.836405161041071,0.8101890572638655,0.08695266600594675,1,Drone,2025-02-15 10:18:52.138389
6.738017242196918,0.16703394609207523,1.3478821989761587,0,Bird,2025-02-15 10:17:52.138389
8.98491468318694,0.9911686261369765,1.6619960051404283,0,Bird,2025-02-15 10:16:52.138389
6.23203040581763,0.5963266016220465,0.5022549624732886,1,Drone,2025-02-15 10:15:52.138389
6.833572341760175,1.230262060864533,1.4178360584307979,1,Drone,2025-02-15 10:14:52.138389
8.296661221913741,0.7530555955590665,1.6698465101861815,1,Drone,2025-02-15 10:13:52.138389
7.847065437552077,0.6077367948788591,0.4871562723426093,0,Bird,2025-02-15 10:12:52.138389
6.051494778125466,0.5126885110165086,1.0943262992700085,0,Bird,2025-02-15 10:11:52.138389
7.938704619591049,0.2306698117177587,0.6455621203606935,0,Bird,2025-02-15 10:10:52.138389
5.444160367279517,0.17652803200550826,1.6064233961642949,0,Bird,2025-02-15 10:09:52.138389
6.853729093426038,0.5930935804155926,1.019785408055738,1,Drone,2025-02-15 10:08:52.138389
4.847869165226946,0.18643826214425452,1.3057065933455771,0,Bird,2025-02-15 10:07:52.138389
1.2287721406968566,0.7795844735667533,1.6160369032701987,0,Bird,2025-02-15 10:06:52.138389
1.97102284293974,0.3501252591667301,0.8523438980586642,0,Bird,2025-02-15 10:05:52.138389
1.9889803880463555,0.15715848349433093,1.7045995151674216,1,Drone,2025-02-15 10:04:52.138389
9.582080785571405,1.3607962401387306,0.9549206071856329,1,Drone,2025-02-15 10:03:52.138389
3.82920382968694,0.8837858849634257,0.4001141633871612,0,Bird,2025-02-15 10:02:52.138389
5.577136220482325,0.927752283195213,1.4222083245207247,0,Bird,2025-02-15 10:01:52.138389
10.261647266952753,1.3705472848333187,1.5872980021648573,1,Drone,2025-02-15 10:00:52.138389
4.15781896168396,0.6223928939016928,0.40300601866657104,1,Drone,2025-02-15 09:59:52.138389
8.822001065124002,0.8193041241677745,1.2937926458718136,1,Drone,2025-02-15 09:58:52.138389
9.22849808519189,0.8496451699737042,1.3762561099101394,1,Drone,2025-02-15 09:57:52.138389
7.694802398746849,1.1741665588104728,0.40159964583285607,1,Drone,2025-02-15 09:56:52.138389
6.542451815185091,0.3422341265545863,1.739038954052385,1,Drone,2025-02-15 09:55:52.138389
6.464065425909399,0.9854534555775359,0.3288673117886323,1,Drone,2025-02-15 09:54:52.138389
3.1659971986146718,0.25565623547555083,0.14844725724321306,1,Drone,2025-02-15 09:53:52.138389
9.367278871083158,0.22381761482262308,0.4500271945522496,0,Bird,2025-02-15 09:52:52.138389
8.273083416079754,0.5369744228934136,1.7985804490149537,0,Bird,2025-02-15 09:51:52.138389
6.700633808593811,0.5929399348417032,1.3431558494174276,0,Bird,2025-02-15 09:50:52.138389
8.84314531168946,0.5800862078378112,0.3889981381223184,0,Bird,2025-02-15 09:49:52.138389
8.23304869209203,0.09148683739775487,0.936614494899863,0,Bird,2025-02-15 09:48:52.138389
2.6791305299743224,0.8774608626303804,1.269066247632624,0,Bird,2025-02-15 09:47:52.138389
13.012662922127312,0.4168332013194409,-0.016703555790853863,1,Drone,2025-02-15 09:46:52.138389
6.729695877892622,0.5588639819050911,1.68034452465603,1,Drone,2025-02-15 09:45:52.138389
8.266961396476564,0.8887480798689772,1.626846717338917,0,Bird,2025-02-15 09:44:52.138389
9.06482169931144,0.9556514982297534,1.0598928697956127,0,Bird,2025-02-15 09:43:52.138389
4.953068947507636,0.9354751742730414,1.5272868168763694,1,Drone,2025-02-15 09:42:52.138389
6.360826187275017,1.1546774981752426,0.5137284097211023,1,Drone,2025-02-15 09:41:52.138389
4.299761226578626,1.127754012929306,1.9454264467627755,1,Drone,2025-02-15 09:40:52.138389
4.843970097636307,0.5508573706091393,1.3690479977268915,0,Bird,2025-02-15 09:39:52.138389
8.365399847108936,0.2527951844653271,1.086853381229797,1,Drone,2025-02-15 09:38:52.138389
8.74657524930709,0.4084532130706987,0.4153143010619915,0,Bird,2025-02-15 09:37:52.138389
1.0625691747807164,0.372688517012314,1.7756627407788235,0,Bird,2025-02-15 09:36:52.138389
8.733370398651482,0.515038988124578,0.8665537856873908,1,Drone,2025-02-15 09:35:52.138389
8.508027848033223,0.7833965845540698,0.02992019631051135,1,Drone,2025-02-15 09:34:52.138389
2.9989702942365724,0.4958757350787708,0.12395428795394219,0,Bird,2025-02-15 09:33:52.138389
4.370406278941022,0.4822442311844642,1.0702407504763432,1,Drone,2025-02-15 09:32:52.138389
5.7946334793765555,0.65089222499757,1.0079431821485623,1,Drone,2025-02-15 09:31:52.138389
9.486187335212673,0.6832587636595959,1.4667718825014013,0,Bird,2025-02-15 09:30:52.138389
6.339478814261417,0.5523242356896625,1.7629891069578572,1,Drone,2025-02-15 09:29:52.138389
5.669115595690295,0.8512069140487687,0.2508725108217561,0,Bird,2025-02-15 09:28:52.138389
7.3271706300566,0.4951465270139743,1.4898433316466886,0,Bird,2025-02-15 09:27:52.138389
5.729970988882616,0.8564991503049886,0.4473335867917119,1,Drone,2025-02-15 09:26:52.138389
9.746038744488645,0.5924077846595176,1.7305364009986115,0,Bird,2025-02-15 09:25:52.138389
9.662025654479,0.8246809659251492,1.6562206763371465,0,Bird,2025-02-15 09:24:52.138389
7.808213421825155,0.5042689819166044,0.7177602917795083,1,Drone,2025-02-15 09:23:52.138389
7.81558182420292,1.1072693798348408,1.286091872099975,1,Drone,2025-02-15 09:22:52.138389
6.039401853050021,0.6315754157138946,0.5224580156452607,1,Drone,2025-02-15 09:21:52.138389
3.5635644493972087,0.2670282701694213,0.9952190079723477,0,Bird,2025-02-15 09:20:52.138389
1.3319825261907952,0.878629986355158,1.6611101056498963,0,Bird,2025-02-15 09:19:52.138389
8.922405776319327,1.1362876422075883,0.9592996915902643,1,Drone,2025-02-15 09:18:52.138389
5.524111209059753,0.6584518346584255,0.7798167041183394,0,Bird,2025-02-15 09:17:52.138389
4.447862213983185,1.2871033026018437,0.7261786933048431,1,Drone,2025-02-15 09:16:52.138389
8.505606694381695,0.9517234326449999,1.3832955801028854,1,Drone,2025-02-15 09:15:52.138389
9.174392973699883,0.7083629767150348,0.7368952900046581,0,Bird,2025-02-15 09:14:52.138389
5.145385531089888,1.1957458236696281,0.09253160817689443,1,Drone,2025-02-15 09:13:52.138389
2.304053848821008,0.6974714616692836,1.4528266386284834,0,Bird,2025-02-15 09:12:52.138389
5.405074842498067,0.6801407717603004,1.6693586041453554,0,Bird,2025-02-15 09:11:52.138389
10.023172518540207,0.8103099487443137,0.22815613835540083,1,Drone,2025-02-15 09:10:52.138389
3.178497443603504,0.7527166395576412,0.555760814236295,0,Bird,2025-02-15 09:09:52.138389
8.751277707224205,0.5768262015280086,0.03164890736761877,1,Drone,2025-02-15 09:08:52.138389
7.854576537958458,0.8808707591989284,0.7610886820061166,0,Bird,2025-02-15 09:07:52.138389
3.1387378959315972,0.871843527745232,0.955666859920284,0,Bird,2025-02-15 09:06:52.138389
7.553947137506736,0.029247283034559146,1.5227700402302824,0,Bird,2025-02-15 09:05:52.138389
6.859318242225567,1.081373569809513,1.2451297495947022,1,Drone,2025-02-15 09:04:52.138389
6.690752475342215,0.1288698674734452,1.2797642782090193,0,Bird,2025-02-15 09:03:52.138389
6.952982445962963,0.5655680233624328,0.3630869127899644,1,Drone,2025-02-15 09:02:52.138389
5.821972156672826,0.7435082562916078,1.698750350861044,0,Bird,2025-02-15 09:01:52.138389
1.8126079304896747,0.1607598960483082,0.9954456180565127,0,Bird,2025-02-15 09:00:52.138389
10.708615526544863,1.1726614350312552,1.569568337851439,1,Drone,2025-02-15 08:59:52.138389
8.082922559647116,0.8848348666559731,0.9532314488956743,1,Drone,2025-02-15 08:58:52.138389
3.482064517157914,0.9268946647128706,-0.07732611745549312,1,Drone,2025-02-15 08:57:52.138389
1.4918345845781231,0.3418923619832885,1.3566304152133855,1,Drone,2025-02-15 08:56:52.138389
8.563230328344805,0.6355502161770625,0.34393731094697555,1,Drone,2025-02-15 08:55:52.138389
7.098079256580542,0.6169269183757422,1.404021673703585,0,Bird,2025-02-15 08:54:52.138389
1.1492904603507053,0.9811861780274235,0.23231818150857092,0,Bird,2025-02-15 08:53:52.138389
9.231828958931674,0.9944993271340972,0.11205109363769644,1,Drone,2025-02-15 08:52:52.138389
3.0384619767814414,0.2598035810641598,1.725900791920994,0,Bird,2025-02-15 08:51:52.138389
6.806555113685048,0.6340057030996114,0.5316411583446783,0,Bird,2025-02-15 08:50:52.138389
2.569297861044923,0.5399853797158555,1.690378137961586,0,Bird,2025-02-15 08:49:52.138389
8.085919894697303,0.8034437459998331,0.3407281461469022,1,Drone,2025-02-15 08:48:52.138389
4.480618116704837,0.10698063882695841,1.3214756291115446,0,Bird,2025-02-15 08:47:52.138389
9.43056989863061,0.761027902502028,1.418886089668679,0,Bird,2025-02-15 08:46:52.138389
2.2376884973139393,0.5412665786761103,1.0740440309756005,0,Bird,2025-02-15 08:45:52.138389
7.823445405507606,1.0982716321029904,0.5623986547746106,1,Drone,2025-02-15 08:44:52.138389
2.021261691165302,0.3418721660386861,0.5040243151050826,0,Bird,2025-02-15 08:43:52.138389
9.322242564507064,0.6326218931339481,0.16305977366860983,0,Bird,2025-02-15 08:42:52.138389
10.080720804962072,1.0811643326270788,0.5716409762833897,1,Drone,2025-02-15 08:41:52.138389
6.708440298880765,0.49026237635017894,1.268889291450386,1,Drone,2025-02-15 08:40:52.138389
6.939856414307611,0.9372284872364511,1.8827791550521171,0,Bird,2025-02-15 08:39:52.138389
8.354999801810942,0.6878857223008134,1.7552885162997989,0,Bird,2025-02-15 08:38:52.138389
7.933419894271731,0.07319470795285138,1.0996305192261893,1,Drone,2025-02-15 08:37:52.138389
6.097681149376261,0.5730922354544417,1.5247426736013463,1,Drone,2025-02-15 08:36:52.138389
3.27244804586033,1.196061497919748,1.0405073700928713,1,Drone,2025-02-15 08:35:52.138389
5.972217715116859,0.25191869837337394,0.47810545629949813,1,Drone,2025-02-15 08:34:52.138389
11.698620009887101,0.7607666271727958,1.7452903440152572,1,Drone,2025-02-15 08:33:52.138389
12.979982773644721,0.5179288658776777,1.0326766850424494,1,Drone,2025-02-15 08:32:52.138389
7.870041115516985,0.8811874364199064,0.8679948889084692,1,Drone,2025-02-15 08:31:52.138389
4.051268119438307,0.04574203381251285,0.3108799915056141,0,Bird,2025-02-15 08:30:52.138389
4.293405532570542,1.3114941195158836,0.7946742450091171,1,Drone,2025-02-15 08:29:52.138389
12.341062732702714,1.2262493650391422,0.7506948870925649,1,Drone,2025-02-15 08:28:52.138389
9.073992339573193,0.9688778552856915,1.742670858093073,0,Bird,2025-02-15 08:27:52.138389
13.649803257182587,0.818837629103203,0.6465868863735411,1,Drone,2025-02-15 08:26:52.138389
9.346361949863976,0.6214560105858249,0.6766365646740844,1,Drone,2025-02-15 08:25:52.138389
6.77828481538859,0.7582631959290226,1.9559206241702527,0,Bird,2025-02-15 08:24:52.138389
5.149759526418628,0.061268950188602844,0.13309502290569608,1,Drone,2025-02-15 08:23:52.138389
2.454658426851524,0.022123551528997254,0.9028420137926947,0,Bird,2025-02-15 08:22:52.138389
9.086987696743714,0.32361021914954125,0.17984688282567007,0,Bird,2025-02-15 08:21:52.138389
6.457861536936309,0.48864319040466575,1.5058178294571678,0,Bird,2025-02-15 08:20:52.138389
1.0827734645496667,0.7704074178077932,1.8443454491783862,0,Bird,2025-02-15 08:19:52.138389
5.608578765491152,1.075827337129721,0.18416306036583252,1,Drone,2025-02-15 08:18:52.138389
6.971515921972502,0.44590270637674834,1.7308491859183297,0,Bird,2025-02-15 08:17:52.138389
1.0455542546159682,0.2736266662816659,0.6552146378776057,0,Bird,2025-02-15 08:16:52.138389
7.2640740649876765,1.3214980571052202,1.376970547904317,1,Drone,2025-02-15 08:15:52.138389
5.938604104299275,0.42618130223597295,1.5325276168338895,0,Bird,2025-02-15 08:14:52.138389
7.227056779234239,0.4513870243296755,1.6293228759987335,0,Bird,2025-02-15 08:13:52.138389
6.867651335523405,0.16362382119166918,0.13421245564086354,0,Bird,2025-02-15 08:12:52.138389
3.018423785145038,0.7948095487499294,1.9293396784406494,0,Bird,2025-02-15 08:11:52.138389
12.360157222562151,0.9501195969341225,1.1422648631185908,1,Drone,2025-02-15 08:10:52.138389
3.135241787471201,0.2207696127887604,0.6790270812336533,0,Bird,2025-02-15 08:09:52.138389
5.62845660239965,0.3804061034963178,1.581698600773256,1,Drone,2025-02-15 08:08:52.138389
8.113119660794995,1.1783665281003746,0.48302275387581717,1,Drone,2025-02-15 08:07:52.138389
6.846696091424932,0.6545112142811352,1.758232295175643,0,Bird,2025-02-15 08:06:52.138389
8.6430106944476,0.2732595269982093,0.3139027417826803,0,Bird,2025-02-15 08:05:52.138389
6.91851603070309,0.9508635622504104,1.4370033571755119,0,Bird,2025-02-15 08:04:52.138389
6.114777430019244,0.15105789178090023,1.1273271056253296,0,Bird,2025-02-15 08:03:52.138389
6.520495478090311,0.5344558542268163,-0.11437369475745568,1,Drone,2025-02-15 08:02:52.138389
5.23810758756083,1.152963491831441,0.48890649658362395,1,Drone,2025-02-15 08:01:52.138389
5.249365966902858,0.5295447812234069,0.058407452340730165,1,Drone,2025-02-15 08:00:52.138389
3.195906790411752,0.6385259476640855,0.990659134382561,0,Bird,2025-02-15 07:59:52.138389
10.066137296218123,0.8550951668365578,0.5738125044599676,1,Drone,2025-02-15 07:58:52.138389
4.537879522000844,0.27421520234867003,1.2368792201657417,0,Bird,2025-02-15 07:57:52.138389
9.02841899659402,0.9839776479598282,0.6647518346463726,0,Bird,2025-02-15 07:56:52.138389
6.680247633975366,0.409334006315043,0.6698463118632708,0,Bird,2025-02-15 07:55:52.138389
8.153301731874835,0.8940992036791344,1.5120670775900464,0,Bird,2025-02-15 07:54:52.138389
5.523733837946729,0.22995460589108618,0.19147138835887156,0,Bird,2025-02-15 07:53:52.138389
8.425707597929835,0.5751192984115439,1.4875901072010795,1,Drone,2025-02-15 07:52:52.138389
7.9402490461206074,0.495538063228454,1.4506635245092259,1,Drone,2025-02-15 07:51:52.138389
2.7571868901824006,0.651666825375885,1.3688288981301724,0,Bird,2025-02-15 07:50:52.138389
9.856870299527216,0.4280966797217852,0.8857854069726505,1,Drone,2025-02-15 07:49:52.138389
3.526951261967702,0.864358249839637,1.7953747464653393,0,Bird,2025-02-15 07:48:52.138389
1.2188436978830846,0.47320990669155716,0.45212734110455743,0,Bird,2025-02-15 07:47:52.138389
6.80925066316451,0.9681934279147217,0.25004140816257436,0,Bird,2025-02-15 07:46:52.138389
5.483451678133882,0.4961908277809748,0.327285931833068,1,Drone,2025-02-15 07:45:52.138389
9.464127259176228,0.8686231679556108,1.6096987295303615,0,Bird,2025-02-15 07:44:52.138389
9.585357193023286,0.7765968527917417,0.1658735067803183,0,Bird,2025-02-15 07:43:52.138389
13.019020085477162,0.7887169600472902,0.7911374658076764,1,Drone,2025-02-15 07:42:52.138389
4.6094559107013025,1.341948379459745,1.4955191092828748,1,Drone,2025-02-15 07:41:52.138389
1.1734993598580534,0.8773881654007748,1.6440144762221869,1,Drone,2025-02-15 07:40:52.138389
9.354867063289529,0.6262203216314154,1.0907468091828199,0,Bird,2025-02-15 07:39:52.138389
4.8536573348558285,0.13124487768238757,0.22091772764462045,0,Bird,2025-02-15 07:38:52.138389
11.755880815805755,0.052005102665484026,1.1896319536537094,1,Drone,2025-02-15 07:37:52.138389
9.672579793803276,0.9208478478156868,1.2380591655367001,0,Bird,2025-02-15 07:36:52.138389
13.10001954035431,1.0178512067464003,-0.024966611448887788,1,Drone,2025-02-15 07:35:52.138389
8.127854269285464,0.9671595158550366,0.15652144517327965,1,Drone,2025-02-15 07:34:52.138389
4.465879557417328,0.4815223515125501,1.8282909569295256,0,Bird,2025-02-15 07:33:52.138389
8.660230043651712,0.11730818896239448,1.371480499582349,0,Bird,2025-02-15 07:32:52.138389
7.307577110102807,0.37963282723749053,1.2852952666160213,1,Drone,2025-02-15 07:31:52.138389
3.8836006265466807,1.1162881302396335,1.3149618484639598,1,Drone,2025-02-15 07:30:52.138389
6.964260527497401,0.863323732422341,0.9949507715075946,1,Drone,2025-02-15 07:29:52.138389
10.348555254183873,0.20548007444591354,0.7678304208430382,1,Drone,2025-02-15 07:28:52.138389
7.264268170074757,0.4915945467414369,0.9178120796098813,0,Bird,2025-02-15 07:27:52.138389
8.280338629703394,0.294575737195971,0.4833159893090624,1,Drone,2025-02-15 07:26:52.138389
6.029334299212259,1.0763916725662304,0.7705468810774923,1,Drone,2025-02-15 07:25:52.138389
7.134520507656088,0.5106094423728152,1.1893065356621348,1,Drone,2025-02-15 07:24:52.138389
9.91048465093837,0.7975591006371882,1.24365451892875,0,Bird,2025-02-15 07:23:52.138389
2.260756137128716,0.31036195892357377,1.7957942509142075,0,Bird,2025-02-15 07:22:52.138389
7.104693584653593,0.5795225913884543,0.8550313848829898,1,Drone,2025-02-15 07:21:52.138389
8.8963576473516,0.011620539908100636,1.2534701995656328,0,Bird,2025-02-15 07:20:52.138389
7.66691755978784,0.07244688779455888,1.2994843508747786,0,Bird,2025-02-15 07:19:52.138389
7.273141668957412,0.3924935564066848,1.2242246083820185,0,Bird,2025-02-15 07:18:52.138389
9.491576370160203,0.5286222816127341,1.401361862401724,1,Drone,2025-02-15 07:17:52.138389
5.05744800637219,0.9532065465243018,0.41712495646994296,1,Drone,2025-02-15 07:16:52.138389
3.64232659838044,0.29166257870930323,1.0734911773370022,0,Bird,2025-02-15 07:15:52.138389
11.017728809667272,0.6984730170667166,-0.018562212112025578,1,Drone,2025-02-15 07:14:52.138389
12.803085718543144,1.0618628817027043,0.47004419207620785,1,Drone,2025-02-15 07:13:52.138389
8.803650867220934,0.7798509888933498,1.0265674303804024,0,Bird,2025-02-15 07:12:52.138389
9.219164973008242,0.039618825348357145,1.3392260931363977,0,Bird,2025-02-15 07:11:52.138389
8.895388364447275,0.6491722516807117,1.8919482467748248,1,Drone,2025-02-15 07:10:52.138389
5.513646652184796,0.10493017841817487,1.2412370264418762,0,Bird,2025-02-15 07:09:52.138389
12.289561697196682,0.24234398527992512,1.1994517664642979,1,Drone,2025-02-15 07:08:52.138389
9.682701671527202,1.140572168280206,0.9888572302702251,1,Drone,2025-02-15 07:07:52.138389
7.31770189531933,0.14249554290151323,1.3047976596150295,0,Bird,2025-02-15 07:06:52.138389
12.654066357845085,0.6156718339856615,0.11725556124821018,1,Drone,2025-02-15 07:05:52.138389
11.00764199929277,0.6522490442008504,0.2572034471902861,1,Drone,2025-02-15 07:04:52.138389
4.041956411663822,0.702464970544104,0.7875208770897635,0,Bird,2025-02-15 07:03:52.138389
4.380246573759496,0.5596486834869141,0.9977373745123758,0,Bird,2025-02-15 07:02:52.138389
1.845837458567821,0.00977084741918366,0.1867326164545291,0,Bird,2025-02-15 07:01:52.138389
10.209424770982391,0.5351586994085659,0.35758938539049995,1,Drone,2025-02-15 07:00:52.138389
1.3234804641706788,0.5177116433847114,0.6259471848034809,0,Bird,2025-02-15 06:59:52.138389
5.190382163192141,0.08786649914483335,1.9459121127119963,0,Bird,2025-02-15 06:58:52.138389
5.883801712368189,0.35062693120918076,0.7295593134957964,0,Bird,2025-02-15 06:57:52.138389
3.5788712691545594,0.033203108791366565,1.0158780104129568,0,Bird,2025-02-15 06:56:52.138389
11.220340480424714,0.24365647231282295,0.36687002520349093,1,Drone,2025-02-15 06:55:52.138389
2.347981686768222,0.4503236282027779,1.127896764452282,1,Drone,2025-02-15 06:54:52.138389
1.3361336987429298,0.13271575404306035,0.6332981094803511,0,Bird,2025-02-15 06:53:52.138389
11.377641943446474,0.5976543207117069,0.010561581732700276,1,Drone,2025-02-15 06:52:52.138389
4.241715772701366,0.6894649691372657,1.0814879940473603,0,Bird,2025-02-15 06:51:52.138389
2.143544613866963,0.8005866991090829,0.11046101840479956,0,Bird,2025-02-15 06:50:52.138389
8.99377753412835,0.36035088731491755,-0.2829934792298342,1,Drone,2025-02-15 06:49:52.138389
10.59140135764477,0.2496260038952744,0.4483578107435792,1,Drone,2025-02-15 06:48:52.138389
2.9423892474715885,0.10456784033440025,0.16977058875156018,0,Bird,2025-02-15 06:47:52.138389
6.606014282371002,0.6364302495436367,0.3052489328483136,0,Bird,2025-02-15 06:46:52.138389
4.607998671524315,1.0239290560634826,0.6619707548040425,1,Drone,2025-02-15 06:45:52.138389
1.4651354905174694,0.03158614482564204,1.6249127912016446,0,Bird,2025-02-15 06:44:52.138389
10.473770327369913,0.971480065040168,1.1368149236482883,1,Drone,2025-02-15 06:43:52.138389
5.865716094490959,0.05197128365147241,1.0740686793171912,0,Bird,2025-02-15 06:42:52.138389
6.736869113483859,0.5412963353010705,0.657628764095431,0,Bird,2025-02-15 06:41:52.138389
8.833176198256023,1.1196855967307686,1.6811742633397213,1,Drone,2025-02-15 06:40:52.138389
14.631286879152697,1.1432845592996534,0.8101300947772849,1,Drone,2025-02-15 06:39:52.138389
7.802872483668547,0.7530151919368127,0.09436349452251358,1,Drone,2025-02-15 06:38:52.138389
5.644202233039986,1.2794521787888256,0.7817347135031825,1,Drone,2025-02-15 06:37:52.138389
8.408423387765097,0.4629307760387523,0.0014511499759412017,1,Drone,2025-02-15 06:36:52.138389
3.701316550656681,1.2446477864228154,0.547843498120136,1,Drone,2025-02-15 06:35:52.138389
8.410799066084,0.16451984927695723,0.9808134268152018,1,Drone,2025-02-15 06:34:52.138389
1.7061074320803935,0.8948166560605276,1.761022796901834,0,Bird,2025-02-15 06:33:52.138389
1.2281566907391177,0.5475923761537362,1.0377385026462254,0,Bird,2025-02-15 06:32:52.138389
9.663835732101326,0.8172977699624937,1.4342916554601621,0,Bird,2025-02-15 06:31:52.138389
9.78811167586041,0.8370395742290786,1.951317646237639,1,Drone,2025-02-15 06:30:52.138389
10.151926626565395,1.1109754539429166,0.32151654911738603,1,Drone,2025-02-15 06:29:52.138389
6.476620234641881,0.9810037290393567,0.5618008237343202,1,Drone,2025-02-15 06:28:52.138389
2.559648880637612,0.7315895217553319,0.8496945436355281,0,Bird,2025-02-15 06:27:52.138389
6.511414187873671,0.5257256568612416,0.4370918286210333,1,Drone,2025-02-15 06:26:52.138389
5.638938074093364,0.15996192690910205,0.6325683290015447,1,Drone,2025-02-15 06:25:52.138389
5.943039982355084,0.24710323401014644,1.8244609048574543,0,Bird,2025-02-15 06:24:52.138389
9.244162287096033,0.3040289425737176,1.2337187145571233,1,Drone,2025-02-15 06:23:52.138389
6.941776390459581,0.8717835665922017,1.255019906772337,0,Bird,2025-02-15 06:22:52.138389
3.5194050725134858,0.21921398735804432,0.6878081639392859,0,Bird,2025-02-15 06:21:52.138389
10.639084394502976,1.2481429181464692,1.5782198770687907,1,Drone,2025-02-15 06:20:52.138389
8.06451395963845,0.41683567345432754,1.7340069423335729,1,Drone,2025-02-15 06:19:52.138389
8.322652077024648,0.5277412475816939,1.3416256585764186,1,Drone,2025-02-15 06:18:52.138389
6.5054867161091705,0.7896985071424791,0.10297369986379852,0,Bird,2025-02-15 06:17:52.138389
4.776400561850109,0.6587077755008761,1.3091626033484733,0,Bird,2025-02-15 06:16:52.138389
3.229578905510417,0.498195716453139,0.19715722473999137,0,Bird,2025-02-15 06:15:52.138389
6.108710476203354,0.9535838316993699,0.09134147211175214,1,Drone,2025-02-15 06:14:52.138389
11.862643688647776,1.0889363948916275,-0.024169850650454155,1,Drone,2025-02-15 06:13:52.138389
5.2476594514126695,0.5512219195365599,0.8391829820466751,1,Drone,2025-02-15 06:12:52.138389
3.9677091444560872,1.074220546346827,1.188487193102644,1,Drone,2025-02-15 06:11:52.138389
1.4140237781957747,0.9747931621467831,0.3175265123252197,0,Bird,2025-02-15 06:10:52.138389
1.3665592208707311,0.6503256863469369,0.8292938777854609,0,Bird,2025-02-15 06:09:52.138389
8.699145256099065,0.19954245092914513,0.9668493670155298,0,Bird,2025-02-15 06:08:52.138389
7.332920734420213,0.6802282424312913,0.8012007413457415,0,Bird,2025-02-15 06:07:52.138389
9.936311576793276,0.09210412870205276,0.02779529101112732,1,Drone,2025-02-15 06:06:52.138389
5.29983970503573,0.16764655194079198,0.5809914610467894,1,Drone,2025-02-15 06:05:52.138389
8.082403639485147,0.7355076221444583,1.318546819935758,1,Drone,2025-02-15 06:04:52.138389
5.261245937025091,0.4626229567393163,0.23491456261318538,0,Bird,2025-02-15 06:03:52.138389
2.5588168291901368,0.8682725054083805,0.25234202675561657,0,Bird,2025-02-15 06:02:52.138389
6.943405368155419,0.74871912424047,0.7657296791885534,1,Drone,2025-02-15 06:01:52.138389
5.392636669451973,0.8322539908640718,1.4525117199533502,1,Drone,2025-02-15 06:00:52.138389
6.542650882469948,0.42549333444807536,1.3702880287735368,0,Bird,2025-02-15 05:59:52.138389
11.571597394650222,0.8198248415315779,1.283719543036989,1,Drone,2025-02-15 05:58:52.138389
1.4077360879484007,0.3710387629846027,0.7876479825919434,0,Bird,2025-02-15 05:57:52.138389
4.371513531638241,0.9876495637360578,1.227955503296223,0,Bird,2025-02-15 05:56:52.138389
6.632739241428127,0.04010919141248248,0.11924924965271243,0,Bird,2025-02-15 05:55:52.138389
7.616561306305763,1.357660284818087,1.2273269555294022,1,Drone,2025-02-15 05:54:52.138389
9.29020099651738,0.7694836581269608,1.3553723396638653,1,Drone,2025-02-15 05:53:52.138389
6.928242684570505,0.43861541918959046,1.2638895898551565,0,Bird,2025-02-15 05:52:52.138389
7.15882063480364,0.8965532018207024,1.328132516103554,1,Drone,2025-02-15 05:51:52.138389
1.6351187266038685,0.48666894142470285,1.4755488053855783,0,Bird,2025-02-15 05:50:52.138389
6.78177350385684,0.8734232380816606,0.3290609911670115,0,Bird,2025-02-15 05:49:52.138389
1.2386017948745964,0.9007018640112585,1.8146612838430993,0,Bird,2025-02-15 05:48:52.138389
6.2719802314611695,0.4217209268734554,0.22624330427597228,0,Bird,2025-02-15 05:47:52.138389
11.478110953490878,0.7356514361872684,1.104551731551737,1,Drone,2025-02-15 05:46:52.138389
6.179267600882911,0.5923503285933622,0.37006053520756954,0,Bird,2025-02-15 05:45:52.138389
4.493529335858697,0.912363345616691,0.12224256038871772,0,Bird,2025-02-15 05:44:52.138389
9.848749066497286,0.6147962946138057,0.6428574197882542,1,Drone,2025-02-15 05:43:52.138389
5.12427601442365,0.6229665835634828,0.6605773445428968,0,Bird,2025-02-15 05:42:52.138389
5.910551103843415,0.6315602200925206,1.0234009382154456,0,Bird,2025-02-15 05:41:52.138389
10.002554870054373,0.8899645847938591,0.8376457041952161,1,Drone,2025-02-15 05:40:52.138389
6.249412157639738,0.44939034610356643,-0.038242613596717934,1,Drone,2025-02-15 05:39:52.138389
11.716577660453826,0.8938038514174088,-0.03240334242099446,1,Drone,2025-02-15 05:38:52.138389
9.148155777604574,0.909032520665641,1.1614205532558082,0,Bird,2025-02-15 05:37:52.138389
6.052919334591536,0.4779166465770138,0.34544696878718784,1,Drone,2025-02-15 05:36:52.138389
1.974792406082774,0.6447352852584184,1.1912140061172252,1,Drone,2025-02-15 05:35:52.138389
1.9070020123968399,0.9713950940416396,1.3393541323246854,0,Bird,2025-02-15 05:34:52.138389
1.1639964308639477,0.18097695270948977,1.706648289680823,0,Bird,2025-02-15 05:33:52.138389
1.8499866468033557,0.8543850933695791,1.415736370671528,0,Bird,2025-02-15 05:32:52.138389
7.147060960747211,0.4922778564480348,0.9168690470412814,0,Bird,2025-02-15 05:31:52.138389
1.6406978361420608,0.24723107440317704,1.3786365825494216,0,Bird,2025-02-15 05:30:52.138389
5.966695052154458,1.192147436525666,0.494074016521499,1,Drone,2025-02-15 05:29:52.138389
9.444896077557681,0.745777997271525,0.24848984422330378,1,Drone,2025-02-15 05:28:52.138389
5.606098500014803,0.8628572847132098,1.26443765797409,1,Drone,2025-02-15 05:27:52.138389
8.330216343300421,0.3592333693997657,0.948197081163006,0,Bird,2025-02-15 05:26:52.138389
3.5366929729605996,0.5929508514349274,1.6169226469848696,0,Bird,2025-02-15 05:25:52.138389
2.0634834485949063,0.16352387258502277,1.662602509969729,0,Bird,2025-02-15 05:24:52.138389
10.928066286792934,0.6256019104108377,1.4159671265240172,1,Drone,2025-02-15 05:23:52.138389
11.451075665616123,1.3698816831060028,1.6622356928268496,1,Drone,2025-02-15 05:22:52.138389
8.897248121743477,0.25813343270112754,0.9188719189752628,0,Bird,2025-02-15 05:21:52.138389
12.046548254881698,0.7116682214116836,0.46575519717921976,1,Drone,2025-02-15 05:20:52.138389
8.231328373463636,0.3251900642246949,1.2061776185288164,0,Bird,2025-02-15 05:19:52.138389
8.12041387580209,0.9449379570661987,0.5223017108261564,1,Drone,2025-02-15 05:18:52.138389
5.774027678327054,0.4728087231728658,0.7836629153610694,1,Drone,2025-02-15 05:17:52.138389
10.904636036941264,0.982495347210514,1.0402040890933917,1,Drone,2025-02-15 05:16:52.138389
8.261512653405376,0.45378954138363925,1.40796953513506,0,Bird,2025-02-15 05:15:52.138389
13.676535689525,0.3941011191199492,0.4523008523518325,1,Drone,2025-02-15 05:14:52.138389
7.370029183957498,0.10136717412373353,0.12391663383724949,1,Drone,2025-02-15 05:13:52.138389
4.348162772135049,0.16975790508754074,0.9180057430781943,0,Bird,2025-02-15 05:12:52.138389
10.130006165921948,0.6401758565926043,0.2747709873634513,1,Drone,2025-02-15 05:11:52.138389
4.06723186227716,0.3370031764312863,1.7911843668492358,0,Bird,2025-02-15 05:10:52.138389
9.376815930432082,0.8288833658826095,0.757167175401929,0,Bird,2025-02-15 05:09:52.138389
8.725714766587107,0.43088752366180594,0.3934735197243152,0,Bird,2025-02-15 05:08:52.138389
4.860946246375165,0.2487142725876299,0.14835074382092667,0,Bird,2025-02-15 05:07:52.138389
7.757839610123476,0.61714498660403,1.32706253394432,0,Bird,2025-02-15 05:06:52.138389
12.014215412213263,1.1621903492286034,1.0435867581166565,1,Drone,2025-02-15 05:05:52.138389
1.9281148195233935,0.16704190790094986,0.7471479165044541,0,Bird,2025-02-15 05:04:52.138389
9.1229761601161,0.16761921628831766,0.2362525888105369,0,Bird,2025-02-15 05:03:52.139386
5.547271352030714,0.03667142693354297,0.8782949003009408,0,Bird,2025-02-15 05:02:52.139386
8.438117194969674,0.7364020150656405,0.6913132406204477,0,Bird,2025-02-15 05:01:52.139386
8.101508035706221,1.1268343075309377,1.336956159357706,1,Drone,2025-02-15 05:00:52.139386
9.059709056465804,0.4746308757498139,1.2509805739601116,0,Bird,2025-02-15 04:59:52.139386
7.073292321363766,1.3270866088283635,0.5692909859751065,1,Drone,2025-02-15 04:58:52.139386
1.0975388633226852,0.8056701529500532,0.5139958530844811,0,Bird,2025-02-15 04:57:52.139386
12.013648790868451,0.956137418630167,1.8670330951959395,1,Drone,2025-02-15 04:56:52.139386
1.821580091075202,0.8682712805132586,0.9626030802726182,0,Bird,2025-02-15 04:55:52.139386
3.873822738313734,0.20584121003676825,1.4077210479824505,0,Bird,2025-02-15 04:54:52.139386
10.910550730179024,0.38891624714929335,-0.09624205321030505,1,Drone,2025-02-15 04:53:52.139386
9.555464322438006,0.2697496115169896,1.0226204293528558,0,Bird,2025-02-15 04:52:52.139386
11.052714928393858,0.1548158562735148,-0.05714204464447492,1,Drone,2025-02-15 04:51:52.139386
6.686534909528193,0.531169528001032,1.0603647240298548,0,Bird,2025-02-15 04:50:52.139386
7.011786185166403,1.3948502678527186,1.8895265679350852,1,Drone,2025-02-15 04:49:52.139386
3.638896945282581,0.03934354066850965,0.8299927546730204,0,Bird,2025-02-15 04:48:52.139386
3.957980908329244,0.1221099140100268,0.17409242389233204,0,Bird,2025-02-15 04:47:52.139386
10.408131890123226,0.8321108574976295,0.01611396851504146,1,Drone,2025-02-15 04:46:52.139386
7.77137076493912,0.9338750175279049,0.837174843899052,0,Bird,2025-02-15 04:45:52.139386
8.124211393532637,0.3161561049767505,0.40404737928006873,0,Bird,2025-02-15 04:44:52.139386
8.106563285150985,0.5072348086883924,0.14436898302355322,0,Bird,2025-02-15 04:43:52.139386
1.8208549274382133,0.0415728590503921,1.536805866505336,0,Bird,2025-02-15 04:42:52.139386
5.449782742323233,0.14834320096208886,0.9711937168755922,0,Bird,2025-02-15 04:41:52.139386
1.5180288401497986,0.9866301229588469,0.6495650667480436,0,Bird,2025-02-15 04:40:52.139386
6.074607934735376,1.09365004253065,1.4513773564070453,1,Drone,2025-02-15 04:39:52.139386
7.991418544865997,0.2374581480448646,-0.06774665923914192,1,Drone,2025-02-15 04:38:52.139386
12.286867553081333,1.0653010551589994,1.5795359105593902,1,Drone,2025-02-15 04:37:52.139386
4.158235112968708,0.6391199378155004,0.6965367630169703,0,Bird,2025-02-15 04:36:52.139386
2.655541041793898,1.3275223100468847,1.3417324304104885,1,Drone,2025-02-15 04:35:52.139386
2.2869251384755227,0.4547398556338591,1.245591465310977,0,Bird,2025-02-15 04:34:52.139386
7.85359568545725,0.5155960285792502,1.6707439835088262,0,Bird,2025-02-15 04:33:52.139386
6.56396256984635,0.4888465802569202,1.9696250100998822,0,Bird,2025-02-15 04:32:52.139386
1.9101040851051123,0.6668642575461043,0.6479703318556168,0,Bird,2025-02-15 04:31:52.139386
3.293043340141331,0.3841754549809545,1.73146253244099,1,Drone,2025-02-15 04:30:52.139386
7.30872218313208,0.029973589872677953,0.8400156003145987,0,Bird,2025-02-15 04:29:52.139386
3.740834150100624,0.7627041780972601,0.49011003705965006,1,Drone,2025-02-15 04:28:52.139386
8.396740533613206,0.7046807627366467,0.7467354980835608,0,Bird,2025-02-15 04:27:52.139386
8.210862056512706,0.5829407457137707,1.0091756138546362,1,Drone,2025-02-15 04:26:52.139386
3.8228629665910963,1.0793357925003604,0.2522333002626084,1,Drone,2025-02-15 04:25:52.139386
5.549954318144231,1.1408365670658995,0.9464881830505316,1,Drone,2025-02-15 04:24:52.139386
14.369579440749522,0.3107478814496084,1.0120766107537442,1,Drone,2025-02-15 04:23:52.139386
4.789075473101997,1.0968380054282587,1.537787702575829,1,Drone,2025-02-15 04:22:52.139386
6.301298861399024,0.6253778951424762,1.244238399277815,1,Drone,2025-02-15 04:21:52.139386
8.315196105317522,0.8681422543775054,0.9368385655936056,0,Bird,2025-02-15 04:20:52.139386
9.608199599617718,0.6476459507346044,0.5036479802520542,1,Drone,2025-02-15 04:19:52.139386
9.874009574405838,0.6926259522261645,0.5927363049024795,0,Bird,2025-02-15 04:18:52.139386
10.792650877163414,1.2089289333740547,0.4662393833520712,1,Drone,2025-02-15 04:17:52.139386
4.386336269778242,0.9446142194740232,0.20953040617814728,0,Bird,2025-02-15 04:16:52.139386
2.9205706157533395,1.105767852737967,0.33793121191164094,1,Drone,2025-02-15 04:15:52.139386
8.112861011569523,0.6947014329368253,0.5401664648684865,1,Drone,2025-02-15 04:14:52.139386
6.025638247622245,0.6178472402012138,1.936193033146174,0,Bird,2025-02-15 04:13:52.139386
9.691451063465543,1.069843120097088,0.7646051448893645,1,Drone,2025-02-15 04:12:52.139386
9.834487149826078,0.9074878615308746,0.45168099998089195,1,Drone,2025-02-15 04:11:52.139386
3.1581534095818524,0.25556225258723325,1.1804581630741637,1,Drone,2025-02-15 04:10:52.139386
5.433625938617732,0.9309486955069778,0.3644737325568215,0,Bird,2025-02-15 04:09:52.139386
5.734501792687697,0.8680179657658931,0.7892242620623025,1,Drone,2025-02-15 04:08:52.139386
5.217945777947136,0.6765133857772465,1.2898452107000213,0,Bird,2025-02-15 04:07:52.139386
1.7598418424819067,0.30888505482470446,0.6440401712572176,1,Drone,2025-02-15 04:06:52.139386
2.2663204148767444,1.0335701885551356,0.45791212490691074,1,Drone,2025-02-15 04:05:52.139386
2.057736220993944,0.3938644056541585,1.9883119389094266,0,Bird,2025-02-15 04:04:52.139386
8.807368263510467,0.7532651713147924,1.299021580079784,1,Drone,2025-02-15 04:03:52.139386
7.857666051277082,0.25254861705689435,1.0812399615269002,1,Drone,2025-02-15 04:02:52.139386
6.250318885874437,0.657845304603036,1.1818169862463372,0,Bird,2025-02-15 04:01:52.139386
9.716065619215989,1.240714343601427,1.0373162793845803,1,Drone,2025-02-15 04:00:52.139386
4.373835215713337,0.04821203886055603,0.48249300486262314,0,Bird,2025-02-15 03:59:52.139386
3.571408776536747,0.9771741842213173,0.8507617122022053,0,Bird,2025-02-15 03:58:52.139386
8.817392153705143,0.4069079607228706,0.1749731124927087,0,Bird,2025-02-15 03:57:52.139386
5.95412365159084,1.3493208666071572,0.5352908055698579,1,Drone,2025-02-15 03:56:52.139386
9.669002854965502,0.7823854840582735,1.1317467095195601,0,Bird,2025-02-15 03:55:52.139386
1.109390272208347,0.5670162609866678,0.5327244985960982,0,Bird,2025-02-15 03:54:52.139386
12.449902752887262,1.187426817343836,1.831199139771715,1,Drone,2025-02-15 03:53:52.139386
1.388439207555185,0.8785155613013479,1.8279637607807597,0,Bird,2025-02-15 03:52:52.139386
12.567482346452515,0.7577797776038666,1.047005780023703,1,Drone,2025-02-15 03:51:52.139386
7.106769994490255,0.4531196003110037,0.9688594274271136,1,Drone,2025-02-15 03:50:52.139386
14.457899622111528,0.890956619914905,1.2768113641494396,1,Drone,2025-02-15 03:49:52.139386
3.5377789351554716,0.8695708748464361,0.3233093800649974,1,Drone,2025-02-15 03:48:52.139386
5.984688559611887,0.7622851347766157,1.6019686091222816,0,Bird,2025-02-15 03:47:52.139386
9.72372282057189,0.7978136488586345,0.33715954653701175,0,Bird,2025-02-15 03:46:52.139386
5.707880597531339,0.435583314812933,1.6090002588438703,0,Bird,2025-02-15 03:45:52.139386
6.664587743217362,0.8178342161750216,0.6239583796775782,0,Bird,2025-02-15 03:44:52.139386
7.261738200861554,0.12020905537060844,1.766472103934559,0,Bird,2025-02-15 03:43:52.139386
6.212462377177591,0.8761444527128506,1.4134965909571906,1,Drone,2025-02-15 03:42:52.139386
6.648022720756571,0.0057586604981215705,0.3827123418697197,0,Bird,2025-02-15 03:41:52.139386
6.258828807307902,0.3245858299002703,0.9790836496242477,0,Bird,2025-02-15 03:40:52.139386
9.110422094418901,0.3664615348713979,1.9638760185091018,0,Bird,2025-02-15 03:39:52.139386
1.8858220294381387,0.7602309102773386,0.7350449117019313,1,Drone,2025-02-15 03:38:52.139386
5.778961903461199,0.9955929117396537,1.2746068508171498,1,Drone,2025-02-15 03:37:52.139386
9.553703356689029,0.38855810127034573,1.2185898920495077,0,Bird,2025-02-15 03:36:52.139386
13.365816332305444,0.8335669340510743,0.4017980908070298,1,Drone,2025-02-15 03:35:52.139386
5.100910775071417,0.23754413087432746,0.6429887554991534,0,Bird,2025-02-15 03:34:52.139386
6.581193380213831,0.3732517916293401,0.48612387306356575,0,Bird,2025-02-15 03:33:52.139386
7.258772334762666,0.3980901836084524,1.3176350748648638,1,Drone,2025-02-15 03:32:52.139386
2.9495596824199293,0.3974282022185622,0.5849429908533563,1,Drone,2025-02-15 03:31:52.139386
5.173285644459839,0.6034485933813779,1.071423378181427,0,Bird,2025-02-15 03:30:52.139386
4.180170052234475,0.6682127985550163,1.0354184120022456,0,Bird,2025-02-15 03:29:52.139386
7.924910901601592,0.6791808516787129,0.9452199481136323,1,Drone,2025-02-15 03:28:52.139386
1.6996117326848634,0.46349404380057235,1.7445965766866494,0,Bird,2025-02-15 03:27:52.139386
12.419256203646663,0.7876584704922902,1.720759435777658,1,Drone,2025-02-15 03:26:52.139386
9.875896700316426,0.8633336495718252,0.8744099962902522,0,Bird,2025-02-15 03:25:52.139386
10.14343481759567,0.715899545274939,1.348157474963065,1,Drone,2025-02-15 03:24:52.139386
5.824867297097083,0.47918187762973097,1.5526028098439635,0,Bird,2025-02-15 03:23:52.139386
3.78574854657695,0.025642065806435688,1.1897050077655893,0,Bird,2025-02-15 03:22:52.139386
9.093654700831406,0.5112500206561024,1.6099314533280522,1,Drone,2025-02-15 03:21:52.139386
7.162580552984913,0.38019561878585706,0.4809015795039653,0,Bird,2025-02-15 03:20:52.139386
2.463552454104022,0.3988227808969005,0.3076019995882807,0,Bird,2025-02-15 03:19:52.139386
11.003718292149768,0.9685715878316477,1.4633450055476418,1,Drone,2025-02-15 03:18:52.139386
8.402835186308522,0.5336025467268785,0.9343846516041218,0,Bird,2025-02-15 03:17:52.139386
9.548199219627316,0.6079050927934446,1.7092408229934148,0,Bird,2025-02-15 03:16:52.139386
7.531475575495239,0.7648832615421283,1.7968713898712885,0,Bird,2025-02-15 03:15:52.139386
6.694100284552441,0.8957356260479212,-0.1831772980624155,1,Drone,2025-02-15 03:14:52.139386
6.723740141335115,1.0714251407236033,1.36967201289042,1,Drone,2025-02-15 03:13:52.139386
12.880374810876022,1.223197579985763,0.46233252727457114,1,Drone,2025-02-15 03:12:52.139386
8.794575005503674,0.01823258267636163,1.0698217291080412,0,Bird,2025-02-15 03:11:52.139386
1.4069680309557047,0.1957779856835461,1.2905257710770994,0,Bird,2025-02-15 03:10:52.139386
1.2373027704752682,0.00756287497814212,1.860126952787165,0,Bird,2025-02-15 03:09:52.139386
4.388170301902447,0.647474714154603,0.13632057941655165,0,Bird,2025-02-15 03:08:52.139386
12.77342969836958,1.0590643165478517,0.7325448329072903,1,Drone,2025-02-15 03:07:52.139386
9.8854851638345,0.24348229657629927,1.4066718806180654,0,Bird,2025-02-15 03:06:52.139386
2.3537520199317536,0.9270345447963066,1.473143219626634,0,Bird,2025-02-15 03:05:52.139386
6.347176438169216,0.06026739028956085,1.415811619920505,0,Bird,2025-02-15 03:04:52.139386
5.630675635579937,1.15213418850539,-0.07121565340816943,1,Drone,2025-02-15 03:03:52.139386
9.72922958033143,0.3516226872396344,0.6688516179061943,0,Bird,2025-02-15 03:02:52.139386
8.579070308221379,0.10142082844921652,0.7815594982923255,0,Bird,2025-02-15 03:01:52.139386
8.54495834240024,0.48587175918632564,1.6284306945910596,0,Bird,2025-02-15 03:00:52.139386
5.218238438154732,0.25677656772050794,0.6296437575876507,0,Bird,2025-02-15 02:59:52.139386
4.733375521038987,0.28487290196192283,0.500339431347686,0,Bird,2025-02-15 02:58:52.139386
4.2422485009206605,0.33370330810864757,1.8546999436356333,1,Drone,2025-02-15 02:57:52.139386
1.507379469858344,0.8030258978326634,0.11684024171559092,0,Bird,2025-02-15 02:56:52.139386
8.782501386295479,0.5391612766752545,1.9958596257957586,0,Bird,2025-02-15 02:55:52.139386
8.316109082170698,0.31130769915600365,1.3859604678290518,0,Bird,2025-02-15 02:54:52.139386
9.997459059575176,0.6103337833109184,1.6740916689533225,0,Bird,2025-02-15 02:53:52.139386
9.969731533665149,0.7161506742231936,0.659776853057767,0,Bird,2025-02-15 02:52:52.139386
5.998885350423647,0.27262400073353377,0.12719902756741397,0,Bird,2025-02-15 02:51:52.139386
7.9208867366245945,0.4135491015253515,1.501952085266907,0,Bird,2025-02-15 02:50:52.139386
9.502891568941852,0.12188609333694755,1.684874734301284,0,Bird,2025-02-15 02:49:52.139386
8.646826516096702,0.18114934953468032,1.5069046507116863,0,Bird,2025-02-15 02:48:52.139386
3.226132915688779,0.6811178539649828,0.3714155458715933,0,Bird,2025-02-15 02:47:52.139386
8.352012028200829,0.5452539165454713,1.4681121527248613,1,Drone,2025-02-15 02:46:52.139386
5.051469987618878,0.9864652622140391,1.1276554417067661,1,Drone,2025-02-15 02:45:52.139386
13.916966972217676,1.0901522908795211,1.0544393525659552,1,Drone,2025-02-15 02:44:52.139386
7.902769318155361,0.40273540754094406,1.4920650268781017,1,Drone,2025-02-15 02:43:52.139386
3.0577852495311646,0.5673122196289035,1.7072507353876911,0,Bird,2025-02-15 02:42:52.139386
10.14225600648522,0.5899056096476203,1.185417670308622,1,Drone,2025-02-15 02:41:52.139386
8.619106543468519,1.2746166582175333,-0.08182498789089454,1,Drone,2025-02-15 02:40:52.139386
4.223464462295564,0.4835456467199247,1.0264928383677006,0,Bird,2025-02-15 02:39:52.139386
3.6734416673070833,1.0508854837692785,0.19463547573965015,1,Drone,2025-02-15 02:38:52.139386
9.865317843757875,0.8145548441508996,0.6212618326142963,1,Drone,2025-02-15 02:37:52.139386
5.68276930813414,0.043412532854819164,0.8735023293386924,0,Bird,2025-02-15 02:36:52.139386
7.950865525620754,0.6331513755940223,0.225418703866459,0,Bird,2025-02-15 02:35:52.139386
5.68147151000794,0.951403342206657,0.7627590145420107,0,Bird,2025-02-15 02:34:52.139386
12.11507177160801,1.0041990188265195,-0.16424322410220538,1,Drone,2025-02-15 02:33:52.139386
10.08352761237052,0.9120773367761441,1.3678024137895073,1,Drone,2025-02-15 02:32:52.139386
6.0484417438184765,0.8842064633484078,1.9006072493324944,0,Bird,2025-02-15 02:31:52.139386
8.889882423925105,0.22807977194893247,0.23740130299008336,0,Bird,2025-02-15 02:30:52.139386
4.7123477826089095,0.5411985596612576,1.6682275386251884,1,Drone,2025-02-15 02:29:52.139386
2.2061370560557667,0.6109809888509917,1.0928955387398158,0,Bird,2025-02-15 02:28:52.139386
1.4597383822468832,0.5494055357823591,0.42401854340744616,1,Drone,2025-02-15 02:27:52.139386
7.796235301062571,0.8398613028667203,0.24603794302471066,0,Bird,2025-02-15 02:26:52.139386
6.582785962181182,0.9000231233980112,1.0511861093337938,0,Bird,2025-02-15 02:25:52.139386
8.807055223776901,0.8198552243660346,1.4078195383123169,1,Drone,2025-02-15 02:24:52.139386
2.9166774535801965,0.23687055897448206,1.4434643068067265,0,Bird,2025-02-15 02:23:52.139386
2.2273432802809277,0.7805255152438618,0.19542942178155015,0,Bird,2025-02-15 02:22:52.139386
1.1309019910109375,0.2748060355481361,0.23851348719901666,0,Bird,2025-02-15 02:21:52.139386
8.48309994512039,1.191180525491998,0.746290631688012,1,Drone,2025-02-15 02:20:52.139386
6.309259181691698,0.42373825364876283,0.6610519386910921,0,Bird,2025-02-15 02:19:52.139386
4.530196405897591,0.6675498992914705,0.5415302138064909,0,Bird,2025-02-15 02:18:52.139386
4.937274298213562,0.09553531383466818,0.6339085479265558,0,Bird,2025-02-15 02:17:52.139386
9.137428250443735,0.623859324676573,1.6266172122640807,0,Bird,2025-02-15 02:16:52.139386
4.134299203209704,0.4517676787372291,1.8655333019005225,0,Bird,2025-02-15 02:15:52.139386
5.625905402438297,0.5866084631754741,0.8696951196023761,0,Bird,2025-02-15 02:14:52.139386
11.43529586227331,0.5383459982781764,1.6690610606419813,1,Drone,2025-02-15 02:13:52.139386
7.540094177434417,0.9793827387062027,0.626412187687458,1,Drone,2025-02-15 02:12:52.139386
6.598780302050861,0.8627970775432285,1.005230274053204,0,Bird,2025-02-15 02:11:52.139386
12.173935676409315,0.7029704951047268,0.37591122417027506,1,Drone,2025-02-15 02:10:52.139386
12.422481478564272,0.3547197712082107,1.2993248549985066,1,Drone,2025-02-15 02:09:52.139386
2.323661328361341,0.023638586046336396,1.9600641188321368,0,Bird,2025-02-15 02:08:52.139386
10.718902098356184,0.7602763917970197,0.9745825705126852,1,Drone,2025-02-15 02:07:52.139386
9.271953292281854,0.8488430786421827,0.5039905738057593,1,Drone,2025-02-15 02:06:52.139386
4.455561644706556,0.761272158693231,1.1525736867935596,1,Drone,2025-02-15 02:05:52.139386
8.593993336916423,0.2693950171169673,0.10989791095793605,1,Drone,2025-02-15 02:04:52.139386
10.986957290815926,0.4439861726792483,1.3056932933868741,1,Drone,2025-02-15 02:03:52.139386
8.560213695708097,1.0132125949955604,0.8671852678665333,1,Drone,2025-02-15 02:02:52.139386
7.694155828232718,0.6166768349624645,0.8246511032453284,1,Drone,2025-02-15 02:01:52.139386
7.7941771333832275,1.0852646559642025,1.0914095760283065,1,Drone,2025-02-15 02:00:52.139386
3.1613105690037377,0.13643975255673313,1.2870893392998648,0,Bird,2025-02-15 01:59:52.139386
1.6827699529779752,0.6951445540475938,0.23637403183037475,0,Bird,2025-02-15 01:58:52.139386
5.18990233355097,0.4352920273937861,1.293978628230228,1,Drone,2025-02-15 01:57:52.139386
6.39964458174863,0.7166035747447427,0.2050221290291222,1,Drone,2025-02-15 01:56:52.139386
2.3671242416106493,0.7175977656581762,1.4565100017625205,0,Bird,2025-02-15 01:55:52.139386
5.9202008490529225,0.7106666767371789,1.4533496203380007,1,Drone,2025-02-15 01:54:52.139386
8.474465932979193,1.017627969783297,1.2395886317483953,1,Drone,2025-02-15 01:53:52.139386
2.6369207595923037,0.12839428945412523,1.1497518380749894,0,Bird,2025-02-15 01:52:52.139386
4.111005549914768,0.10410964938416634,1.0883227953904273,0,Bird,2025-02-15 01:51:52.139386
9.071095689154106,0.7243388171287412,0.37146432654488226,0,Bird,2025-02-15 01:50:52.139386
7.592339432063281,0.7973368605778652,1.2021599902028717,1,Drone,2025-02-15 01:49:52.139386
7.07643172049265,0.6961574025308183,0.5895382712143775,1,Drone,2025-02-15 01:48:52.139386
2.5508788408146685,0.0794193689889866,1.0437213033540984,0,Bird,2025-02-15 01:47:52.139386
2.730601169278037,0.08565824959643054,0.6401207765622817,0,Bird,2025-02-15 01:46:52.139386
1.5070787505036818,0.9141521409459938,-0.0829251261547484,1,Drone,2025-02-15 01:45:52.139386
2.520415567649481,0.1918673247187429,1.2961596240942994,0,Bird,2025-02-15 01:44:52.139386
5.63930483529574,0.6121781024340875,-0.15811092107372604,1,Drone,2025-02-15 01:43:52.139386
5.333820372130831,0.5121099291030604,1.3628132959466859,1,Drone,2025-02-15 01:42:52.139386
1.7983228038135004,0.3549963058319373,0.7034149109961216,0,Bird,2025-02-15 01:41:52.139386
2.085722839905407,0.06942384274609337,0.10025591670852212,0,Bird,2025-02-15 01:40:52.139386
8.466131286558157,0.5723716003765693,0.9818854699144371,1,Drone,2025-02-15 01:39:52.139386
2.8570034656521326,0.0676125635922149,0.18901862620244594,0,Bird,2025-02-15 01:38:52.139386
4.278428749432679,0.8003565078223616,0.6247221598597089,0,Bird,2025-02-15 01:37:52.139386
5.530755437693712,0.23371208191043302,1.4432553261658607,0,Bird,2025-02-15 01:36:52.139386
7.213553457664288,0.5400119146045106,0.21911028108154515,0,Bird,2025-02-15 01:35:52.139386
4.173407092348009,1.3651163158948116,1.206498304902461,1,Drone,2025-02-15 01:34:52.139386
10.696086266220185,1.083412918734891,-0.08087181161390306,1,Drone,2025-02-15 01:33:52.139386
6.998073934939087,0.8333538612211449,0.10732234097664645,1,Drone,2025-02-15 01:32:52.139386
2.1852155462206504,0.6747666017373155,1.23530536885222,1,Drone,2025-02-15 01:31:52.139386
8.862207616960994,0.33300191305819793,0.7009132844856828,0,Bird,2025-02-15 01:30:52.139386
9.287851604786319,0.6694869551981901,0.2935955373254257,0,Bird,2025-02-15 01:29:52.139386
6.136041971582177,1.2219641359411062,0.45499354243338436,1,Drone,2025-02-15 01:28:52.139386
5.524851520122194,0.9028478597378449,0.11918458457623177,1,Drone,2025-02-15 01:27:52.139386
8.255811518137552,0.5577834173700249,1.7011526141050544,0,Bird,2025-02-15 01:26:52.139386
11.307931380963105,0.8716096880378719,0.35933129208090414,1,Drone,2025-02-15 01:25:52.139386
4.127456281412445,0.6242254181309781,1.5729598188596903,1,Drone,2025-02-15 01:24:52.139386
2.8841439100303927,0.060142342600785215,1.794557075140396,0,Bird,2025-02-15 01:23:52.139386
7.823412852648288,0.590408963303396,0.9222939097198595,1,Drone,2025-02-15 01:22:52.139386
5.360706866719192,0.9576252845053802,1.8288919733233449,0,Bird,2025-02-15 01:21:52.139386
6.564292943772664,0.17530294235765964,0.8169043025300663,0,Bird,2025-02-15 01:20:52.139386
7.702028095491572,0.9951863947297442,1.5383874839644351,1,Drone,2025-02-15 01:19:52.139386
5.162812445198331,0.20093368865905648,0.2696500965985886,0,Bird,2025-02-15 01:18:52.139386
12.45686166336424,0.6606997740877589,1.2553030649034413,1,Drone,2025-02-15 01:17:52.139386
1.330148826015381,0.09667644964671962,1.0382466768681644,0,Bird,2025-02-15 01:16:52.139386
3.2774929700771236,0.8763951441605315,0.6941953609424976,1,Drone,2025-02-15 01:15:52.139386
8.779919069951966,1.035772394779475,1.1141669586577723,1,Drone,2025-02-15 01:14:52.139386
10.146318437318515,0.6049426211173721,1.0591734256150822,1,Drone,2025-02-15 01:13:52.139386
5.6050969790409955,0.664911724487218,0.10829021233558728,0,Bird,2025-02-15 01:12:52.139386
5.789021367387841,0.7954499607897292,0.4172108686196776,0,Bird,2025-02-15 01:11:52.139386
4.931855015581604,1.4090204138229772,1.4457729917257496,1,Drone,2025-02-15 01:10:52.139386
5.026711301411092,0.23464208185545354,1.3661322857985922,0,Bird,2025-02-15 01:09:52.139386
9.437445670348446,0.7009224468590602,1.730240902895797,1,Drone,2025-02-15 01:08:52.139386
4.799886595140024,0.19227354992405993,1.0793753429519786,1,Drone,2025-02-15 01:07:52.139386
3.4231890785444286,0.9924835021583752,1.9064681446895422,0,Bird,2025-02-15 01:06:52.139386
7.17844961045237,1.3932843222772757,1.0339140029783758,1,Drone,2025-02-15 01:05:52.139386
1.1806407799995373,0.5399571302805596,0.666299196414942,0,Bird,2025-02-15 01:04:52.139386
4.571593825769144,0.9050909555641266,0.11936031067910591,1,Drone,2025-02-15 01:03:52.139386
2.9030320629689017,0.5209579772720422,1.5854653403553776,0,Bird,2025-02-15 01:02:52.139386
8.105067835162348,1.0067592945550858,0.8859170097111378,1,Drone,2025-02-15 01:01:52.139386
6.669846896781051,0.29233270040302595,-0.20002659096668857,1,Drone,2025-02-15 01:00:52.139386
9.014745526659055,0.7552704204968079,0.7840958852118588,0,Bird,2025-02-15 00:59:52.139386
6.859502656288855,0.45205496031391706,1.6617893674820134,1,Drone,2025-02-15 00:58:52.139386
9.12205695674161,1.2756920893971295,0.8070747728887597,1,Drone,2025-02-15 00:57:52.139386
8.102541147466045,0.7820280876703859,0.9221853584374388,0,Bird,2025-02-15 00:56:52.139386
9.385084210411856,0.7743886837453886,0.4965358028070279,1,Drone,2025-02-15 00:55:52.139386
1.7822825927868133,0.036160380524762115,0.49687717560981104,0,Bird,2025-02-15 00:54:52.139386
5.834112470593842,0.40402583007155707,0.5304349912538016,1,Drone,2025-02-15 00:53:52.139386
6.281570062187912,0.26311256991084286,0.8026451863756355,0,Bird,2025-02-15 00:52:52.139386
9.491936147589998,0.7403364411152604,0.16802080034718558,1,Drone,2025-02-15 00:51:52.139386
6.157342574158415,0.42584193121884156,1.4647050985206502,1,Drone,2025-02-15 00:50:52.139386
2.212710074107701,1.0874409828468736,0.8751230347714959,1,Drone,2025-02-15 00:49:52.139386
3.55398315218852,0.5538022407123763,1.6621417849512043,0,Bird,2025-02-15 00:48:52.139386
4.267740667587716,0.30552431065802355,1.7156612021278013,0,Bird,2025-02-15 00:47:52.139386
6.8132551719844106,0.3969815170742834,0.5027887039274503,0,Bird,2025-02-15 00:46:52.139386
6.137004742020207,0.44720254050483565,1.3489716161232443,0,Bird,2025-02-15 00:45:52.139386
6.777177171780087,0.9089053224432548,0.9199424104866092,1,Drone,2025-02-15 00:44:52.139386
10.303919166583022,0.5358463537657238,1.621710008552142,1,Drone,2025-02-15 00:43:52.139386
6.451973374211985,0.9193919732144173,0.5099072904352628,0,Bird,2025-02-15 00:42:52.139386
3.1350411256239505,0.49696348290583026,1.387845080589084,0,Bird,2025-02-15 00:41:52.139386
1.9160422535836337,0.9921580148233127,1.254729032280173,0,Bird,2025-02-15 00:40:52.139386
4.319363992041722,1.3437521965405155,0.4165973441672562,1,Drone,2025-02-15 00:39:52.139386
3.213619555460573,0.2085105143573358,0.3595417169372279,0,Bird,2025-02-15 00:38:52.139386
2.446132359336001,0.9305952146439163,1.3381155449068256,0,Bird,2025-02-15 00:37:52.139386
4.253695439406231,0.2181338348289243,1.4753719953873157,1,Drone,2025-02-15 00:36:52.139386
4.049080689683385,1.2019802750710538,0.6286012649566891,1,Drone,2025-02-15 00:35:52.139386
2.560362357652793,0.3806232934765801,1.3251819476423963,0,Bird,2025-02-15 00:34:52.139386
14.007569614535555,1.1606822903213385,0.5378281269706682,1,Drone,2025-02-15 00:33:52.139386
1.7221037109547799,0.8680566901074503,1.4550930782369738,0,Bird,2025-02-15 00:32:52.139386
8.379961338657374,0.8231410544042784,0.06028915361063919,1,Drone,2025-02-15 00:31:52.139386
4.693571442906954,0.7900304363070614,1.7914085050087314,0,Bird,2025-02-15 00:30:52.139386
9.841407552177458,0.3046791390980408,0.6460782332846015,0,Bird,2025-02-15 00:29:52.139386
2.008350119512471,0.08091928305125218,0.7987933767366905,0,Bird,2025-02-15 00:28:52.139386
4.580700391411675,0.40298017876516146,0.21037470895266458,0,Bird,2025-02-15 00:27:52.139386
11.359939021161697,0.44270606603702006,0.21302805185318135,1,Drone,2025-02-15 00:26:52.139386
10.318283920282278,1.151565932042097,0.9207289537169211,1,Drone,2025-02-15 00:25:52.139386
10.36716724351632,0.5400861037367287,0.3116778778722201,1,Drone,2025-02-15 00:24:52.139386
6.683661756772704,1.3903931165740993,1.582353540940062,1,Drone,2025-02-15 00:23:52.139386
2.5379882865105925,0.640972077345332,0.1279174384444123,0,Bird,2025-02-15 00:22:52.139386
7.017788979319879,0.822480563634361,0.8202786924766787,0,Bird,2025-02-15 00:21:52.139386
10.030433522831416,0.5082363315074998,0.7299656314564645,1,Drone,2025-02-15 00:20:52.139386
9.17284731945291,1.3326816786660733,-0.2646262039245688,1,Drone,2025-02-15 00:19:52.139386
6.786143516172921,1.2610658072896475,-0.05771761668654163,1,Drone,2025-02-15 00:18:52.139386
6.412274384089208,0.6687638848186495,0.737314025422859,1,Drone,2025-02-15 00:17:52.139386
11.392547039008978,1.0753435240133387,0.9686294024464919,1,Drone,2025-02-15 00:16:52.139386
2.6833937370177106,0.7648098009029954,0.8681505197842513,0,Bird,2025-02-15 00:15:52.139386
3.913113127638193,0.17483862726041255,1.1087815889829784,0,Bird,2025-02-15 00:14:52.139386
4.828927947547751,0.5025660764634424,1.230750182320795,0,Bird,2025-02-15 00:13:52.139386
8.068288367984037,0.7813211775350062,-0.27251757698280565,1,Drone,2025-02-15 00:12:52.139386
6.832933539383578,0.611075734086826,0.5130402167621049,1,Drone,2025-02-15 00:11:52.139386
5.129395099482015,0.4699356268196362,1.5846848760531218,1,Drone,2025-02-15 00:10:52.139386
7.428780080963106,0.46717132699510555,1.0082355639704208,1,Drone,2025-02-15 00:09:52.139386
3.597674979162302,0.025811906949486985,1.387330308172011,0,Bird,2025-02-15 00:08:52.139386
6.231143992803511,0.13516628915482276,0.6925413300420781,0,Bird,2025-02-15 00:07:52.139386
4.604432969155917,1.1567266821942774,1.4659305805731446,1,Drone,2025-02-15 00:06:52.139386
5.330260916693358,0.549529535895017,1.5685508155646186,0,Bird,2025-02-15 00:05:52.139386
5.793304892964272,0.96582216115322,1.090462490542864,0,Bird,2025-02-15 00:04:52.139386
2.4476404149326703,0.9239713181074825,1.7531630864854348,1,Drone,2025-02-15 00:03:52.139386
4.657187453237671,0.6332048398252235,-0.12147461822391037,1,Drone,2025-02-15 00:02:52.139386
7.027131829822405,0.8649799417369939,-0.1929269722566269,1,Drone,2025-02-15 00:01:52.139386
2.1105975311369454,0.9278205072904147,1.518091113442652,1,Drone,2025-02-15 00:00:52.139386
12.302097442045454,0.29426557549056326,1.1596672373664465,1,Drone,2025-02-14 23:59:52.139386
6.829003248739015,1.0417463989166091,0.19911510350897194,1,Drone,2025-02-14 23:58:52.139386
8.288870012691714,0.2160381825095996,0.6046073826213515,0,Bird,2025-02-14 23:57:52.139386
3.2917658928738747,0.6195879548978296,0.13334949039659494,0,Bird,2025-02-14 23:56:52.139386
7.418659070033461,0.740529863053805,0.6316742122809162,1,Drone,2025-02-14 23:55:52.139386
7.842050739007179,0.1520248531286481,1.5689695604454759,0,Bird,2025-02-14 23:54:52.139386
9.288687084833661,0.170735481316108,1.0224657571162539,1,Drone,2025-02-14 23:53:52.139386
7.965910135123031,0.9438718395589056,0.5608964636755714,1,Drone,2025-02-14 23:52:52.139386
5.875272187509138,0.8378965408227104,0.6309497663259853,1,Drone,2025-02-14 23:51:52.139386
7.328685108114915,0.25504136628817914,-0.28384815285386217,1,Drone,2025-02-14 23:50:52.139386
9.365762298230432,0.9948663171697671,0.6696210023739482,0,Bird,2025-02-14 23:49:52.139386
8.683469469322532,0.2800673115310809,1.251565167917524,1,Drone,2025-02-14 23:48:52.139386
9.685242195998613,0.6950352288585532,1.9509694432510785,0,Bird,2025-02-14 23:47:52.139386
5.5652270718833545,1.097844551447719,1.5227389907534932,1,Drone,2025-02-14 23:46:52.139386
8.839366912181234,0.2684090978343641,0.06912521085846282,1,Drone,2025-02-14 23:45:52.139386
10.983918637855087,0.2922140674237293,1.4080383963565994,1,Drone,2025-02-14 23:44:52.139386
2.6310975954909415,0.1213849394224289,1.5880769852673893,0,Bird,2025-02-14 23:43:52.139386
6.088142873519682,0.38728517366393483,1.4875237416363456,1,Drone,2025-02-14 23:42:52.139386
11.719707945125027,0.27844445583884103,0.7868309878098863,1,Drone,2025-02-14 23:41:52.139386
9.085909114117126,0.8921528508409162,0.8033075441852982,1,Drone,2025-02-14 23:40:52.139386
8.576458990824449,0.06229179813006269,0.6755398847830659,0,Bird,2025-02-14 23:39:52.139386
2.2579513896366055,0.5094221281497897,0.22482023201329498,0,Bird,2025-02-14 23:38:52.139386
8.15740580673901,0.9966968538529768,0.5336471906380282,0,Bird,2025-02-14 23:37:52.139386
5.145553836067485,0.8898417259825451,0.17820586911431563,1,Drone,2025-02-14 23:36:52.139386
2.4729034857913406,0.6152194382310109,1.019746432449383,0,Bird,2025-02-14 23:35:52.139386
5.987083550765222,0.6386232232420348,1.2308624063940412,1,Drone,2025-02-14 23:34:52.139386
8.33117248208244,0.6238958362916385,1.0002386739560984,0,Bird,2025-02-14 23:33:52.139386
6.986774986265801,0.5270414639116516,0.20990445394960516,0,Bird,2025-02-14 23:32:52.139386
10.264284773315229,0.6314491556358774,1.8325513786786098,1,Drone,2025-02-14 23:31:52.139386
4.229474357111522,0.13071037674019947,1.8911762062788133,0,Bird,2025-02-14 23:30:52.139386
10.473670623565454,0.8902807375176802,1.1702876994671032,1,Drone,2025-02-14 23:29:52.139386
4.816412955691952,0.7956447058886669,1.6614165049772103,1,Drone,2025-02-14 23:28:52.139386
8.349394955244193,0.19462251182076507,1.1345164323204997,0,Bird,2025-02-14 23:27:52.139386
8.462751447700928,0.3869597895404619,1.4958491226368469,1,Drone,2025-02-14 23:26:52.139386
6.049260958505753,0.5982548062264936,-0.20333695155942585,1,Drone,2025-02-14 23:25:52.139386
5.164118071026458,0.8275378955668743,0.7947934216966055,0,Bird,2025-02-14 23:24:52.139386
3.7124008674772786,0.733614380561402,0.5282244092128551,0,Bird,2025-02-14 23:23:52.139386
11.50975337869843,1.0202775962072606,0.20001985887356255,1,Drone,2025-02-14 23:22:52.139386
5.5244835108323125,0.011031264428647214,0.3675256028960846,0,Bird,2025-02-14 23:21:52.139386
5.151312895479683,0.7747849361126398,0.9041224964118868,1,Drone,2025-02-14 23:20:52.139386
13.76982073691262,0.7723792171974354,1.2811534249348777,1,Drone,2025-02-14 23:19:52.139386
4.455020992358903,0.019192276823056686,1.1987669588986853,0,Bird,2025-02-14 23:18:52.139386
5.891975750025898,0.2598132087450342,0.37922914821759834,0,Bird,2025-02-14 23:17:52.139386
9.158248998680923,0.760289823122135,1.6411351628735948,0,Bird,2025-02-14 23:16:52.139386
6.618141963225929,0.13710970572899905,1.3083139436110842,0,Bird,2025-02-14 23:15:52.139386
3.94127843501121,0.7283355992785095,0.6056099293041033,1,Drone,2025-02-14 23:14:52.139386
9.768672930665183,0.6985549420264678,1.2938588617576179,1,Drone,2025-02-14 23:13:52.139386
6.6493724776427605,0.012120774643893273,0.5938194605613824,0,Bird,2025-02-14 23:12:52.139386
4.014150531913775,0.24120145759954148,0.7558651961389999,0,Bird,2025-02-14 23:11:52.139386
3.063063687131554,1.407353566566563,1.6430581677454024,1,Drone,2025-02-14 23:10:52.139386
11.436737793715125,1.0418170823011237,0.37702010019759347,1,Drone,2025-02-14 23:09:52.139386
11.569401748407625,0.9939535975322771,0.683186413086536,1,Drone,2025-02-14 23:08:52.139386
8.059847207694112,0.7627126715080179,1.459522988488073,1,Drone,2025-02-14 23:07:52.139386
9.045033247458619,0.1097361986775035,1.4446705655083023,0,Bird,2025-02-14 23:06:52.139386
10.10089573519311,0.9868341914050054,0.1104546760750702,1,Drone,2025-02-14 23:05:52.139386
2.9408048095707664,0.5563746363646546,0.31963487291080966,1,Drone,2025-02-14 23:04:52.139386
3.805498610159934,0.844357082739616,0.11489902246664196,0,Bird,2025-02-14 23:03:52.139386
5.310530535936952,0.37692692637697095,1.2204449939890856,1,Drone,2025-02-14 23:02:52.139386
9.631888690278299,0.5155462886285127,0.4631994676116971,1,Drone,2025-02-14 23:01:52.139386
1.3017919126220145,0.15004866469398426,0.35512221671432354,0,Bird,2025-02-14 23:00:52.139386
6.129007163841849,0.32467592689006,1.9200748300078638,0,Bird,2025-02-14 22:59:52.139386
7.862128171666215,0.7373570773877997,1.1063534754966777,0,Bird,2025-02-14 22:58:52.139386
9.198122181509682,0.7107215503633956,0.5109088942604874,1,Drone,2025-02-14 22:57:52.139386
8.147352457054303,0.8048171769045138,0.8996139046063933,1,Drone,2025-02-14 22:56:52.139386
8.391315742048116,0.3944762785700353,1.3912786321967048,0,Bird,2025-02-14 22:55:52.139386
1.995685632596865,0.45944676840598664,0.2448545141497725,0,Bird,2025-02-14 22:54:52.139386
13.390900269904716,0.8495521673024976,0.15775097260059884,1,Drone,2025-02-14 22:53:52.139386
2.147397960987842,0.8920846889402344,1.6332344326795878,0,Bird,2025-02-14 22:52:52.139386
4.575585615043305,0.9553346865039283,0.9733632537650563,0,Bird,2025-02-14 22:51:52.139386
8.175658292015981,0.7869033862552951,1.1384965698613603,0,Bird,2025-02-14 22:50:52.139386
5.257940083244897,0.4291476975947827,0.5959863423093794,1,Drone,2025-02-14 22:49:52.139386
5.0705714525389896,0.7712272058914167,0.05557677935580252,1,Drone,2025-02-14 22:48:52.139386
9.190695162368904,0.6039678623105815,0.23264136789836404,1,Drone,2025-02-14 22:47:52.139386
8.114448941666764,0.7246328084889055,0.5246888487771039,1,Drone,2025-02-14 22:46:52.139386
8.729040948779067,1.012384935720935,0.39998099978998297,1,Drone,2025-02-14 22:45:52.139386
8.058840075731325,0.5324883869396426,-0.21847376913329142,1,Drone,2025-02-14 22:44:52.139386
5.884519990128366,0.9017619921354235,1.7029343616984651,0,Bird,2025-02-14 22:43:52.139386
4.310346207635525,0.5510594237698097,1.583172049814779,1,Drone,2025-02-14 22:42:52.139386
4.4040904679579445,1.0827715227050352,1.2501677774620692,1,Drone,2025-02-14 22:41:52.139386
2.634379451212831,0.6593539222057827,1.7221913512388674,0,Bird,2025-02-14 22:40:52.139386
12.152203715599661,1.2499534124587985,0.2753501793854498,1,Drone,2025-02-14 22:39:52.139386
10.61009145929761,1.1285254737717831,1.4913296770725333,1,Drone,2025-02-14 22:38:52.139386
4.607662750872759,0.6139335847600618,0.47415883846151397,0,Bird,2025-02-14 22:37:52.139386
5.1580522327971945,0.06665204056068996,1.9077166396874814,0,Bird,2025-02-14 22:36:52.139386
9.525550056506338,0.5184080219452041,1.990156658535307,0,Bird,2025-02-14 22:35:52.139386
5.081557093981827,0.29108150246477765,1.3808805125835504,1,Drone,2025-02-14 22:34:52.139386
6.276068488151175,0.7374337687214856,1.9641730904044616,0,Bird,2025-02-14 22:33:52.139386
8.382250911526427,0.5319028607225392,0.7062743779822285,1,Drone,2025-02-14 22:32:52.139386
11.043180846020142,0.6911511352014542,0.4332689633646445,1,Drone,2025-02-14 22:31:52.139386
3.144554781878667,0.4289157021622797,0.4962431028311482,1,Drone,2025-02-14 22:30:52.139386
10.330744189996365,0.15200872973057822,0.7871404363787484,1,Drone,2025-02-14 22:29:52.139386
9.38906454235251,0.7163233880626823,0.23885496785132848,0,Bird,2025-02-14 22:28:52.139386
6.086198652302881,0.07208433599867337,1.2824522027727676,0,Bird,2025-02-14 22:27:52.139386
9.433714836601125,0.2854326280496817,1.6019589352689505,1,Drone,2025-02-14 22:26:52.139386
9.302494430595662,0.01210847523488745,0.4612045345890825,0,Bird,2025-02-14 22:25:52.139386
7.768224734668596,1.3482521495934345,1.2144689138191422,1,Drone,2025-02-14 22:24:52.139386
7.070694331354181,0.7427649717298337,1.6036802840510602,1,Drone,2025-02-14 22:23:52.139386
9.9622633287273,0.7341963556908062,1.6503996551871087,1,Drone,2025-02-14 22:22:52.139386
6.460435417445703,0.2965355812876552,1.9242576483703497,0,Bird,2025-02-14 22:21:52.139386
8.959369396416427,0.5661231902744357,0.8995916480399827,1,Drone,2025-02-14 22:20:52.139386
8.028931904683072,1.0424247677300809,1.7353213525223996,1,Drone,2025-02-14 22:19:52.139386
9.409303132921133,0.6613706110704144,1.5388893935554337,0,Bird,2025-02-14 22:18:52.139386
9.330116616160987,0.18519556786746794,0.40717572885022757,0,Bird,2025-02-14 22:17:52.139386
5.057554342637189,0.17410933533408435,1.006110202289143,0,Bird,2025-02-14 22:16:52.139386
2.019142412566797,0.09839564971339732,1.4648292332068076,0,Bird,2025-02-14 22:15:52.139386
11.24891703922801,0.8282109020221053,0.38906244409497537,1,Drone,2025-02-14 22:14:52.139386
8.550082778013408,0.7643726622217359,1.317168848742886,0,Bird,2025-02-14 22:13:52.139386
2.7436933379837534,0.728500209397936,1.0311772474672762,1,Drone,2025-02-14 22:12:52.139386
9.28757694355635,0.020944961030912812,0.4091295132362752,0,Bird,2025-02-14 22:11:52.139386
8.829067258559155,0.08217166747642735,1.1736620936602369,0,Bird,2025-02-14 22:10:52.139386
5.669542514134649,0.9678600348450305,1.5660911308593546,0,Bird,2025-02-14 22:09:52.139386
6.321478921704363,0.29544477747742026,1.0479017626182896,0,Bird,2025-02-14 22:08:52.139386
4.591024334831173,0.7692231478381336,0.12299592187460412,0,Bird,2025-02-14 22:07:52.139386
1.492854749398282,0.6246635688542638,0.11717309125065514,0,Bird,2025-02-14 22:06:52.139386
6.598191670801479,0.6718544276767584,0.7637060319913139,1,Drone,2025-02-14 22:05:52.139386
8.225681037382103,0.2056872621955551,1.8597687300203858,0,Bird,2025-02-14 22:04:52.139386
1.0416882070414257,0.12138641815940643,0.5344858812468567,0,Bird,2025-02-14 22:03:52.139386
4.001492545220298,0.6150129680388666,1.3052910088562055,0,Bird,2025-02-14 22:02:52.139386
4.58351824231849,0.774633780637788,0.5219441543173091,0,Bird,2025-02-14 22:01:52.139386
9.884935607770753,0.6713874069610417,0.6704360314966714,1,Drone,2025-02-14 22:00:52.139386
9.278700547714845,0.5303021332491583,1.7112799702428196,0,Bird,2025-02-14 21:59:52.139386
4.1171139492936515,0.041951223431636264,1.484836740312899,0,Bird,2025-02-14 21:58:52.139386
4.122578817066049,0.9684887775943838,0.28125862689510017,0,Bird,2025-02-14 21:57:52.139386
7.637511232987736,0.7987141916545746,0.9145338398742238,0,Bird,2025-02-14 21:56:52.139386
9.14189536435207,0.5480521023741853,0.129067655999283,1,Drone,2025-02-14 21:55:52.139386
3.021443406459838,0.9799703293588506,1.013691278545717,0,Bird,2025-02-14 21:54:52.139386
5.732853933963599,0.7601101550735302,1.0000338987086503,1,Drone,2025-02-14 21:53:52.139386
2.2677131834181985,0.5824226582072465,0.32515498483648797,0,Bird,2025-02-14 21:52:52.139386
5.807265775794077,0.8996830713516574,0.39452839181928134,1,Drone,2025-02-14 21:51:52.139386
7.390069179772692,1.2950490077804095,0.7343273232427638,1,Drone,2025-02-14 21:50:52.139386
4.770329045540931,0.6564786073315027,1.8471089468464945,0,Bird,2025-02-14 21:49:52.139386
9.2336131096129,0.12809574636620003,1.9871845293036317,0,Bird,2025-02-14 21:48:52.139386
8.77356147260307,0.6236944741338792,0.0903640962611601,1,Drone,2025-02-14 21:47:52.139386
8.141371982238649,1.382881335881522,1.315558968967107,1,Drone,2025-02-14 21:46:52.139386
6.690378591275773,0.22461561184385193,0.8062757261644521,0,Bird,2025-02-14 21:45:52.139386
3.3307368389590795,0.7775088090063093,0.7219390632194388,1,Drone,2025-02-14 21:44:52.139386
7.2136499033943,0.9062616593386554,1.2104846270826775,1,Drone,2025-02-14 21:43:52.139386
6.704761624229137,0.4850678568612307,1.5195243484670042,1,Drone,2025-02-14 21:42:52.139386
9.649632857225097,0.6129395824945255,1.906764329554842,0,Bird,2025-02-14 21:41:52.139386
5.277966866926159,1.4234489891303852,0.9876786299863216,1,Drone,2025-02-14 21:40:52.139386
6.497131558235161,0.5094627836526782,0.7419876571578802,1,Drone,2025-02-14 21:39:52.139386
5.767063834936712,0.1285996935367799,1.4595100706709516,1,Drone,2025-02-14 21:38:52.139386
9.971868266613527,0.19747048985993731,0.5769026281983705,0,Bird,2025-02-14 21:37:52.139386
5.519755092981184,0.8869249002092695,1.1717406547836837,0,Bird,2025-02-14 21:36:52.139386
9.515759118795497,0.9922652681675899,0.42643053449674884,1,Drone,2025-02-14 21:35:52.139386
1.6036882964958474,0.28590678923916013,1.3475990400449647,0,Bird,2025-02-14 21:34:52.139386
10.7424591996814,1.3136576954313453,0.29765506840640266,1,Drone,2025-02-14 21:33:52.139386
2.889150337860272,0.861369996363436,0.464026596896169,0,Bird,2025-02-14 21:32:52.139386
9.082488604966423,0.846514338690278,1.8446542646833304,0,Bird,2025-02-14 21:31:52.139386
5.551825888732288,1.185588307569357,-0.16695842721391757,1,Drone,2025-02-14 21:30:52.139386
2.716189485972999,0.2522410201733616,1.06132002469637,0,Bird,2025-02-14 21:29:52.139386
1.328947010632854,0.7550419287462783,0.5196202876297169,0,Bird,2025-02-14 21:28:52.139386
5.248602505989993,0.46053949727414,0.17396693031876814,0,Bird,2025-02-14 21:27:52.139386
8.941608446778268,1.2686571462233545,-0.30407279237053686,1,Drone,2025-02-14 21:26:52.139386
1.5913777548551713,0.7284906771616132,0.432921367001072,0,Bird,2025-02-14 21:25:52.139386
7.9797485502550956,0.7764474464997246,1.7468636735614005,0,Bird,2025-02-14 21:24:52.139386
8.101396111306105,0.7697923644609026,0.4038468247226018,1,Drone,2025-02-14 21:23:52.139386
5.7195124239482205,0.17742876946970687,1.9058724240930618,0,Bird,2025-02-14 21:22:52.139386
4.966864722444053,0.5450269188969383,1.2050823566794677,0,Bird,2025-02-14 21:21:52.139386
4.606867547877934,0.9846697395245082,0.9295669605606555,0,Bird,2025-02-14 21:20:52.139386
6.036762981773961,0.9373880664971189,1.2021687858719639,0,Bird,2025-02-14 21:19:52.139386
2.3971622133764123,0.04317373579701167,1.0817269319299088,0,Bird,2025-02-14 21:18:52.139386
4.846521698467213,0.35030167202552165,1.4595396574109538,1,Drone,2025-02-14 21:17:52.139386
9.572904381113757,0.5178047872624809,0.3848828080534411,1,Drone,2025-02-14 21:16:52.139386
9.515039159202695,0.7259799099852955,0.7707957440405745,0,Bird,2025-02-14 21:15:52.139386
4.359783846517777,0.8177853298569451,1.7987791748131763,0,Bird,2025-02-14 21:14:52.139386
3.436702058291984,0.2135113663106719,1.8982673749857704,0,Bird,2025-02-14 21:13:52.139386
7.05174691725313,0.7217562405057176,1.328099120844873,1,Drone,2025-02-14 21:12:52.139386
6.667574744528359,1.2315929409755633,0.4408474028943047,1,Drone,2025-02-14 21:11:52.139386
1.2284772009431038,0.7328015447662506,1.582694455713075,0,Bird,2025-02-14 21:10:52.139386
2.4053733762957132,0.5422372054918483,1.0050378932720878,0,Bird,2025-02-14 21:09:52.139386
9.35767056164178,0.8785921420287058,0.6746713649022131,1,Drone,2025-02-14 21:08:52.139386
6.930315477191362,0.50836054691628,0.4888922072088395,0,Bird,2025-02-14 21:07:52.139386
1.970497394633872,0.7025378231605568,0.7392152932155036,1,Drone,2025-02-14 21:06:52.139386
5.526233176303414,0.684166828135562,0.008740008687205703,1,Drone,2025-02-14 21:05:52.139386
3.0796731692926427,0.6888853020500907,0.7299729282276681,0,Bird,2025-02-14 21:04:52.139386
7.402813086778104,1.1255743778882255,1.4595312134716865,1,Drone,2025-02-14 21:03:52.139386
1.1773948397892773,0.6362913539792481,0.49344403750062493,0,Bird,2025-02-14 21:02:52.139386
1.9369772378611647,0.761121537043158,0.23520074182952233,0,Bird,2025-02-14 21:01:52.139386
8.199244768358703,0.160071634954573,0.23111442596435097,0,Bird,2025-02-14 21:00:52.139386
2.6069019584890025,0.4615574744197899,1.887490588955905,0,Bird,2025-02-14 20:59:52.139386
6.874714970666872,0.009331619827093296,1.0631488321274858,0,Bird,2025-02-14 20:58:52.139386
3.1436450294205387,0.24667886452162302,0.8778829364523347,0,Bird,2025-02-14 20:57:52.139386
2.3850109587378117,1.0120613070944617,1.5007858384715247,1,Drone,2025-02-14 20:56:52.139386
3.4088790268469937,1.4235257402440558,1.405592959203744,1,Drone,2025-02-14 20:55:52.139386
8.426786638368633,0.168903217689796,0.6870918412242526,1,Drone,2025-02-14 20:54:52.139386
11.407618767664962,0.686097547426002,1.2110415474086076,1,Drone,2025-02-14 20:53:52.139386
8.471978781102925,0.8000709686991595,1.5651333501185845,0,Bird,2025-02-14 20:52:52.139386
4.802577556309437,0.49558851326884784,0.9971358783307918,1,Drone,2025-02-14 20:51:52.139386
11.742620678363812,0.914092038365787,-0.10729072646590071,1,Drone,2025-02-14 20:50:52.139386
7.055685541994294,0.9190930799357785,1.6252322956885303,1,Drone,2025-02-14 20:49:52.139386
3.6383295723491194,0.615985450260179,1.1242796501984165,0,Bird,2025-02-14 20:48:52.139386
9.452960017822416,0.41697488217895184,0.4719324032160086,1,Drone,2025-02-14 20:47:52.139386
1.1170173115966242,0.3553845686857394,0.9079335523316184,0,Bird,2025-02-14 20:46:52.139386
2.404298846465076,1.217321875674871,-0.25708999317677006,1,Drone,2025-02-14 20:45:52.139386
2.870976296314246,0.5542265141320166,0.3429469223225934,0,Bird,2025-02-14 20:44:52.139386
1.2387898348643773,0.005229613542912737,1.5545388259801356,0,Bird,2025-02-14 20:43:52.139386
3.8621561282751777,1.2400598199303419,-0.0017334481307475502,1,Drone,2025-02-14 20:42:52.139386
6.247374048727229,0.03531135494023907,0.8914750741163551,0,Bird,2025-02-14 20:41:52.139386
4.792820955332481,0.7457337827312321,1.092769344062618,0,Bird,2025-02-14 20:40:52.139386
12.455616644319498,0.6502584306021799,-0.24049424221672885,1,Drone,2025-02-14 20:39:52.139386
13.101895390880975,1.4413845905674338,1.7843116199170685,1,Drone,2025-02-14 20:38:52.139386
4.7891389404464615,0.5896603027201065,0.37234431266734347,1,Drone,2025-02-14 20:37:52.139386
3.3348109008816325,0.3269316163380791,0.6779775673089335,0,Bird,2025-02-14 20:36:52.139386
4.417231673505402,0.14888805033244468,0.6774907732845519,0,Bird,2025-02-14 20:35:52.139386
6.31265448263327,0.3056042154902149,0.5377916580229648,0,Bird,2025-02-14 20:34:52.139386
3.4335099855456757,1.0133880195156904,-0.07331522557138095,1,Drone,2025-02-14 20:33:52.139386
6.617340170642207,0.9963343376272473,1.4857551087671932,0,Bird,2025-02-14 20:32:52.139386
4.684704869721164,0.36830953050684834,1.937006449618642,0,Bird,2025-02-14 20:31:52.139386
5.968424627667822,0.44861063095454257,0.5261576182415856,0,Bird,2025-02-14 20:30:52.139386
4.92513876221785,0.722070938202737,1.3597896644265026,0,Bird,2025-02-14 20:29:52.139386
3.650191835877259,0.8861957804650745,1.5096030212215588,0,Bird,2025-02-14 20:28:52.139386
9.53607976265941,0.5930443341867842,1.712008220271997,0,Bird,2025-02-14 20:27:52.139386
7.872452147437848,0.39152569817782934,0.9029954743258573,0,Bird,2025-02-14 20:26:52.139386
3.146429858884522,0.5729886320044093,0.42301094284481233,1,Drone,2025-02-14 20:25:52.139386
9.30833272858806,0.7917471057308528,0.22387547128297353,1,Drone,2025-02-14 20:24:52.139386
10.170482953692371,0.15795303814857914,1.2213417672492128,1,Drone,2025-02-14 20:23:52.139386
9.050970042046822,0.6195893374598407,1.6518809863607085,0,Bird,2025-02-14 20:22:52.139386
8.198697303525837,0.3554930104413574,0.4450665387375451,0,Bird,2025-02-14 20:21:52.139386
6.403740256553688,1.0165537197062522,0.5867526753900976,1,Drone,2025-02-14 20:20:52.139386
1.2022237748810567,0.09299063982313216,1.813686373823385,0,Bird,2025-02-14 20:19:52.139386
4.602716203948132,1.0798726511555037,1.158935124257983,1,Drone,2025-02-14 20:18:52.139386
5.874707931947802,0.48097288988612374,1.9712309652487041,0,Bird,2025-02-14 20:17:52.139386
6.701303978435325,0.6423255259052274,1.5330716933959534,0,Bird,2025-02-14 20:16:52.139386
7.30855939538125,0.4228459412538304,0.5516686151940944,1,Drone,2025-02-14 20:15:52.139386
5.641933692574296,0.8836459958246643,0.8614873060350258,1,Drone,2025-02-14 20:14:52.139386
11.249016511121077,0.6057737577778457,0.8852876186165096,1,Drone,2025-02-14 20:13:52.139386
12.235068990665809,0.8990962323299592,-0.1917516235851698,1,Drone,2025-02-14 20:12:52.139386
10.343383059004795,0.6355350221145426,0.8769481092282367,1,Drone,2025-02-14 20:11:52.139386
2.5451135726347314,0.6764679372263622,1.4477095740979582,0,Bird,2025-02-14 20:10:52.139386
3.4507659386743206,0.8049889996807698,0.4179104776020147,0,Bird,2025-02-14 20:09:52.139386
1.1655160889272005,0.26982072012821434,1.5832002631085587,0,Bird,2025-02-14 20:08:52.139386
13.14081832010843,1.245860413951449,1.1517973038077163,1,Drone,2025-02-14 20:07:52.139386
7.022332846821127,0.5134325850299557,1.8461525638173537,1,Drone,2025-02-14 20:06:52.139386
7.392000853414047,0.4989647109634842,-0.08416444091813449,1,Drone,2025-02-14 20:05:52.139386
7.838033656870257,0.28871545456536174,0.4696888888658839,1,Drone,2025-02-14 20:04:52.139386
10.140715824801097,0.44303228866188304,1.2324339194394314,1,Drone,2025-02-14 20:03:52.139386
7.986070483375611,0.8517860496084515,0.3020442312411621,1,Drone,2025-02-14 20:02:52.139386
8.467676233364815,0.7076809347409158,1.4574059117353602,0,Bird,2025-02-14 20:01:52.139386
2.8577914458454288,0.7886149646724064,1.542110036791669,0,Bird,2025-02-14 20:00:52.139386
1.0989624579263242,0.5172690564416094,0.29478033172630147,0,Bird,2025-02-14 19:59:52.139386
2.2319706706192655,0.44019899795549056,1.0763234819928587,0,Bird,2025-02-14 19:58:52.139386
9.100167776632945,0.14745252670628395,1.0668920556230062,0,Bird,2025-02-14 19:57:52.139386
10.535974268928186,0.6005932962473608,0.7698327452206293,1,Drone,2025-02-14 19:56:52.139386
10.031069648413578,0.49684111238003226,1.596713254979146,1,Drone,2025-02-14 19:55:52.139386
8.504706765381194,0.23346442154872454,1.2517139224510696,1,Drone,2025-02-14 19:54:52.139386
9.877128886499,0.3399878382542233,0.9262731834875899,1,Drone,2025-02-14 19:53:52.139386
6.741400374241702,0.7049967213089094,1.242049021051959,1,Drone,2025-02-14 19:52:52.139386
13.250535338244058,0.9412352824791834,0.817111301996555,1,Drone,2025-02-14 19:51:52.139386
4.768934724028658,0.9983475113929496,1.8498895900834942,0,Bird,2025-02-14 19:50:52.139386
4.746333380968772,1.0418397974521756,1.3241102472431816,1,Drone,2025-02-14 19:49:52.139386
9.130512112744261,0.8259046393866822,1.177349559629588,1,Drone,2025-02-14 19:48:52.139386
2.12263058458431,0.6167067667146531,1.534355505105482,1,Drone,2025-02-14 19:47:52.139386
4.575643158896769,1.124405629425938,0.6001948372723853,1,Drone,2025-02-14 19:46:52.139386
7.642302547837334,0.785651618080232,1.6334347173467356,0,Bird,2025-02-14 19:45:52.139386
1.7451880113261382,0.11833619092338732,0.4709571456173348,0,Bird,2025-02-14 19:44:52.139386
9.026427364212532,0.5307343501058808,0.41310413229354337,1,Drone,2025-02-14 19:43:52.139386
3.2081419871318886,0.8398022856356172,0.737659863112701,0,Bird,2025-02-14 19:42:52.139386
4.503660526377789,0.383832951933044,1.959198389939367,0,Bird,2025-02-14 19:41:52.139386
6.975523857618427,0.705269545944102,1.32168775554522,1,Drone,2025-02-14 19:40:52.139386
6.181059280112618,0.8407322609353951,1.4045428285522887,1,Drone,2025-02-14 19:39:52.139386
8.136462141194853,0.5733402081675358,1.2123473420493347,1,Drone,2025-02-14 19:38:52.139386
4.467779257480123,0.7913969110917174,1.132663277509938,1,Drone,2025-02-14 19:37:52.139386
10.844007293900159,0.7569433314471864,1.4324557719408668,1,Drone,2025-02-14 19:36:52.139386
5.284453619791897,0.026196708532064794,1.042891630476487,0,Bird,2025-02-14 19:35:52.139386
11.508250290338943,0.3678089356216967,0.49400869315050333,1,Drone,2025-02-14 19:34:52.139386
14.389131533059754,0.9881141424378834,-0.0021810506423092235,1,Drone,2025-02-14 19:33:52.139386
8.634725824934842,0.30352358159040377,1.2700308415109287,1,Drone,2025-02-14 19:32:52.139386
2.934463407316811,0.5180787662388154,1.4954434709436237,0,Bird,2025-02-14 19:31:52.139386
4.626743365175896,0.303639349873667,0.4732955992634704,1,Drone,2025-02-14 19:30:52.139386
5.779389098001662,1.1452705388445847,-0.3144618182685876,1,Drone,2025-02-14 19:29:52.139386
8.44764904319396,0.4239863935168116,1.4355289766589014,1,Drone,2025-02-14 19:28:52.139386
1.462832321358253,0.4296568127389351,0.1216941685627399,0,Bird,2025-02-14 19:27:52.139386
8.436199384528388,1.2558529868647912,1.1729407205836881,1,Drone,2025-02-14 19:26:52.139386
9.249552783452414,0.9939808847774505,1.8800520944479617,1,Drone,2025-02-14 19:25:52.139386
4.815484187673849,0.5919149250687041,0.6353097838933841,1,Drone,2025-02-14 19:24:52.139386
7.938209833712397,0.8026433097957104,0.5464494694923102,0,Bird,2025-02-14 19:23:52.139386
4.726743159253195,0.6813500667311733,1.1279672201660345,1,Drone,2025-02-14 19:22:52.139386
4.527674729279232,0.8464781355924222,1.647519979302196,1,Drone,2025-02-14 19:21:52.139386
8.60423477039419,0.47994008702833807,1.0407973547202278,1,Drone,2025-02-14 19:20:52.139386
5.459421845855786,0.08060151375712465,1.9373670229866777,0,Bird,2025-02-14 19:19:52.139386
7.321617041954973,0.8405198190817311,-0.27708120964444133,1,Drone,2025-02-14 19:18:52.139386
6.687605325149529,0.827620109125091,0.8673071166010243,1,Drone,2025-02-14 19:17:52.139386
7.11868154183013,0.7416916567530683,1.2528764868860278,1,Drone,2025-02-14 19:16:52.139386
8.371920859067798,0.7295082286523967,1.7390168951834402,0,Bird,2025-02-14 19:15:52.139386
8.194742910720812,0.7655128989911097,0.44058566262480103,0,Bird,2025-02-14 19:14:52.139386
10.72703383440508,0.53480724946282,1.470543540301828,1,Drone,2025-02-14 19:13:52.139386
3.449306235069664,0.6102251494776413,1.150143443865236,0,Bird,2025-02-14 19:12:52.139386
6.312076001821784,0.13535408227768553,0.85345199578093,0,Bird,2025-02-14 19:11:52.139386
4.248765072460241,0.7513750860290457,0.35025855430027775,0,Bird,2025-02-14 19:10:52.139386
4.87477827012088,0.8238434548020384,1.6787447511482538,1,Drone,2025-02-14 19:09:52.139386
11.696710555714255,1.2462713224776885,0.2129007032582494,1,Drone,2025-02-14 19:08:52.139386
2.2313676782706526,0.06895801635642118,0.6885969324972885,0,Bird,2025-02-14 19:07:52.139386
9.552136184387223,0.05705472115125432,0.65108651072863,0,Bird,2025-02-14 19:06:52.139386
5.014051956621602,0.28218707469320015,1.755686664962623,0,Bird,2025-02-14 19:05:52.139386
